path,size_bytes
camera_matrix.csv,63
confidence/000000.png,4450
confidence/000001.png,4335
confidence/000002.png,4321
confidence/000003.png,4344
confidence/000004.png,4423
confidence/000005.png,4424
confidence/000006.png,4441
confidence/000007.png,4410
confidence/000008.png,4409
confidence/000009.png,4407
confidence/000010.png,4362
confidence/000011.png,4426
confidence/000012.png,4428
confidence/000013.png,4434
confidence/000014.png,4404
confidence/000015.png,4390
confidence/000016.png,4360
confidence/000017.png,4320
confidence/000018.png,4323
confidence/000019.png,4346
confidence/000020.png,4387
confidence/000021.png,4401
confidence/000022.png,4373
confidence/000023.png,4392
confidence/000024.png,4406
confidence/000025.png,4409
confidence/000026.png,4414
confidence/000027.png,4398
confidence/000028.png,4362
confidence/000029.png,4385
confidence/000030.png,4497
confidence/000031.png,4457
confidence/000032.png,4480
confidence/000033.png,4391
confidence/000034.png,4429
confidence/000035.png,4510
confidence/000036.png,4435
confidence/000037.png,4491
confidence/000038.png,4516
confidence/000039.png,4566
confidence/000040.png,4489
confidence/000041.png,4625
confidence/000042.png,4687
confidence/000043.png,4643
confidence/000044.png,4726
confidence/000045.png,4788
confidence/000046.png,4782
confidence/000047.png,4780
confidence/000048.png,4878
confidence/000049.png,4944
confidence/000050.png,5111
confidence/000051.png,4790
confidence/000052.png,4808
confidence/000053.png,5036
confidence/000054.png,5094
confidence/000055.png,4983
confidence/000056.png,5022
confidence/000057.png,4901
confidence/000058.png,4890
confidence/000059.png,4766
confidence/000060.png,4817
confidence/000061.png,4746
confidence/000062.png,4466
confidence/000063.png,4510
confidence/000064.png,4506
confidence/000065.png,4489
confidence/000066.png,4521
confidence/000067.png,4585
confidence/000068.png,4463
confidence/000069.png,4604
confidence/000070.png,4612
confidence/000071.png,4469
confidence/000072.png,4752
confidence/000073.png,4756
confidence/000074.png,4751
confidence/000075.png,4713
confidence/000076.png,4436
confidence/000077.png,4478
confidence/000078.png,4565
confidence/000079.png,4301
confidence/000080.png,4338
confidence/000081.png,4422
confidence/000082.png,4611
confidence/000083.png,4450
confidence/000084.png,4472
confidence/000085.png,4408
confidence/000086.png,4453
confidence/000087.png,4479
confidence/000088.png,4333
confidence/000089.png,4290
confidence/000090.png,4322
confidence/000091.png,4300
confidence/000092.png,4353
confidence/000093.png,4325
confidence/000094.png,4255
confidence/000095.png,4331
confidence/000096.png,4275
confidence/000097.png,4342
confidence/000098.png,4368
confidence/000099.png,4565
confidence/000100.png,4571
confidence/000101.png,4604
confidence/000102.png,4449
confidence/000103.png,4421
confidence/000104.png,4470
confidence/000105.png,4515
confidence/000106.png,4497
confidence/000107.png,4482
confidence/000108.png,4473
confidence/000109.png,4488
confidence/000110.png,4442
confidence/000111.png,4535
confidence/000112.png,4540
confidence/000113.png,4441
confidence/000114.png,4474
confidence/000115.png,4510
confidence/000116.png,4508
confidence/000117.png,4559
confidence/000118.png,4552
confidence/000119.png,4460
confidence/000120.png,4527
confidence/000121.png,4597
confidence/000122.png,4574
confidence/000123.png,4620
confidence/000124.png,4585
confidence/000125.png,4583
confidence/000126.png,4614
confidence/000127.png,4545
confidence/000128.png,4535
confidence/000129.png,4503
confidence/000130.png,4493
confidence/000131.png,4574
confidence/000132.png,4635
confidence/000133.png,4578
confidence/000134.png,4618
confidence/000135.png,4567
confidence/000136.png,4602
confidence/000137.png,4592
confidence/000138.png,4535
confidence/000139.png,4580
confidence/000140.png,4403
confidence/000141.png,4413
confidence/000142.png,4382
confidence/000143.png,4400
confidence/000144.png,4393
confidence/000145.png,4426
confidence/000146.png,4398
confidence/000147.png,4482
confidence/000148.png,4540
confidence/000149.png,4459
confidence/000150.png,4441
confidence/000151.png,4449
confidence/000152.png,4440
confidence/000153.png,4491
confidence/000154.png,4453
confidence/000155.png,4391
confidence/000156.png,4443
confidence/000157.png,4448
confidence/000158.png,4434
confidence/000159.png,4522
confidence/000160.png,4527
confidence/000161.png,4571
confidence/000162.png,4576
confidence/000163.png,4549
confidence/000164.png,4478
confidence/000165.png,4547
confidence/000166.png,4486
confidence/000167.png,4519
confidence/000168.png,4561
confidence/000169.png,4575
confidence/000170.png,4480
confidence/000171.png,4627
confidence/000172.png,4571
confidence/000173.png,4526
confidence/000174.png,4604
confidence/000175.png,4564
confidence/000176.png,4565
confidence/000177.png,4656
confidence/000178.png,4777
confidence/000179.png,4769
confidence/000180.png,4728
confidence/000181.png,4810
confidence/000182.png,4802
confidence/000183.png,4861
confidence/000184.png,4924
confidence/000185.png,5015
confidence/000186.png,5095
confidence/000187.png,5154
confidence/000188.png,5051
confidence/000189.png,5040
confidence/000190.png,5204
confidence/000191.png,5138
confidence/000192.png,4979
confidence/000193.png,5102
confidence/000194.png,5021
confidence/000195.png,5091
confidence/000196.png,5202
confidence/000197.png,5107
confidence/000198.png,4883
confidence/000199.png,4908
confidence/000200.png,5011
confidence/000201.png,5023
confidence/000202.png,5123
confidence/000203.png,5254
confidence/000204.png,4962
confidence/000205.png,5297
confidence/000206.png,5067
confidence/000207.png,5134
confidence/000208.png,5367
confidence/000209.png,5284
confidence/000210.png,5382
confidence/000211.png,5543
confidence/000212.png,5645
confidence/000213.png,5545
confidence/000214.png,5711
confidence/000215.png,5554
confidence/000216.png,5667
confidence/000217.png,5306
confidence/000218.png,5361
confidence/000219.png,5119
confidence/000220.png,5262
confidence/000221.png,5297
confidence/000222.png,5923
confidence/000223.png,5712
confidence/000224.png,5689
confidence/000225.png,5582
confidence/000226.png,5699
confidence/000227.png,5406
confidence/000228.png,5264
confidence/000229.png,5519
confidence/000230.png,5416
confidence/000231.png,5352
confidence/000232.png,5116
confidence/000233.png,4923
confidence/000234.png,5284
confidence/000235.png,4667
confidence/000236.png,4561
confidence/000237.png,4754
confidence/000238.png,4558
confidence/000239.png,4761
confidence/000240.png,4676
confidence/000241.png,4917
confidence/000242.png,4967
confidence/000243.png,4965
confidence/000244.png,4909
confidence/000245.png,4907
confidence/000246.png,4689
confidence/000247.png,4866
confidence/000248.png,4545
confidence/000249.png,4879
confidence/000250.png,5133
confidence/000251.png,5097
confidence/000252.png,5123
confidence/000253.png,5050
confidence/000254.png,5136
confidence/000255.png,5165
confidence/000256.png,4917
confidence/000257.png,5001
confidence/000258.png,4749
confidence/000259.png,4535
confidence/000260.png,4370
confidence/000261.png,4263
confidence/000262.png,4291
confidence/000263.png,4175
confidence/000264.png,4173
confidence/000265.png,4139
confidence/000266.png,4292
confidence/000267.png,4301
confidence/000268.png,4332
confidence/000269.png,4293
confidence/000270.png,4384
confidence/000271.png,4401
confidence/000272.png,4383
confidence/000273.png,4244
confidence/000274.png,4451
confidence/000275.png,4327
confidence/000276.png,4330
confidence/000277.png,4396
confidence/000278.png,4346
confidence/000279.png,4252
confidence/000280.png,4296
confidence/000281.png,4369
confidence/000282.png,4363
confidence/000283.png,4390
confidence/000284.png,4527
confidence/000285.png,4343
confidence/000286.png,4330
confidence/000287.png,4269
confidence/000288.png,4323
confidence/000289.png,4250
confidence/000290.png,4285
confidence/000291.png,4296
confidence/000292.png,4326
confidence/000293.png,4409
confidence/000294.png,4385
confidence/000295.png,4350
confidence/000296.png,4299
confidence/000297.png,4259
confidence/000298.png,4263
confidence/000299.png,4329
confidence/000300.png,4358
confidence/000301.png,4271
confidence/000302.png,4298
confidence/000303.png,4305
confidence/000304.png,4235
confidence/000305.png,4274
confidence/000306.png,4317
confidence/000307.png,4245
confidence/000308.png,4280
confidence/000309.png,4330
confidence/000310.png,4266
confidence/000311.png,4285
confidence/000312.png,4326
confidence/000313.png,4336
confidence/000314.png,4303
confidence/000315.png,4258
confidence/000316.png,4301
confidence/000317.png,4342
confidence/000318.png,4445
confidence/000319.png,4292
confidence/000320.png,4286
confidence/000321.png,4343
confidence/000322.png,4298
confidence/000323.png,4252
confidence/000324.png,4297
confidence/000325.png,4240
confidence/000326.png,4200
confidence/000327.png,4198
confidence/000328.png,4234
confidence/000329.png,4172
confidence/000330.png,4254
confidence/000331.png,4084
confidence/000332.png,4139
confidence/000333.png,4213
confidence/000334.png,4201
confidence/000335.png,4201
confidence/000336.png,4235
confidence/000337.png,4138
confidence/000338.png,4131
confidence/000339.png,4133
confidence/000340.png,4162
confidence/000341.png,4211
confidence/000342.png,4137
confidence/000343.png,4215
confidence/000344.png,4295
confidence/000345.png,4253
confidence/000346.png,4310
confidence/000347.png,4345
confidence/000348.png,4292
confidence/000349.png,4249
confidence/000350.png,4250
confidence/000351.png,4287
confidence/000352.png,4283
confidence/000353.png,4306
confidence/000354.png,4302
confidence/000355.png,4278
confidence/000356.png,4246
confidence/000357.png,4312
confidence/000358.png,4339
confidence/000359.png,4316
confidence/000360.png,4250
confidence/000361.png,4312
confidence/000362.png,4325
confidence/000363.png,4228
confidence/000364.png,4293
confidence/000365.png,4255
confidence/000366.png,4376
confidence/000367.png,4395
confidence/000368.png,4424
confidence/000369.png,4507
confidence/000370.png,4516
confidence/000371.png,4491
confidence/000372.png,4510
confidence/000373.png,4568
confidence/000374.png,4569
confidence/000375.png,4572
confidence/000376.png,4571
confidence/000377.png,4521
confidence/000378.png,4634
confidence/000379.png,4611
confidence/000380.png,4661
confidence/000381.png,4637
confidence/000382.png,4626
confidence/000383.png,4696
confidence/000384.png,4718
confidence/000385.png,4715
confidence/000386.png,4565
confidence/000387.png,4628
confidence/000388.png,4680
confidence/000389.png,4652
confidence/000390.png,4638
confidence/000391.png,4570
confidence/000392.png,4557
confidence/000393.png,4595
confidence/000394.png,4545
confidence/000395.png,4637
confidence/000396.png,4701
confidence/000397.png,4650
confidence/000398.png,4555
confidence/000399.png,4649
confidence/000400.png,4590
confidence/000401.png,4656
confidence/000402.png,4595
confidence/000403.png,4550
confidence/000404.png,4611
confidence/000405.png,4559
confidence/000406.png,4579
confidence/000407.png,4540
confidence/000408.png,4556
confidence/000409.png,4595
confidence/000410.png,4581
confidence/000411.png,4554
confidence/000412.png,4547
confidence/000413.png,4597
confidence/000414.png,4616
confidence/000415.png,4610
confidence/000416.png,4649
confidence/000417.png,4563
confidence/000418.png,4573
confidence/000419.png,4546
confidence/000420.png,4493
confidence/000421.png,4497
confidence/000422.png,4540
confidence/000423.png,4542
confidence/000424.png,4573
confidence/000425.png,4537
confidence/000426.png,4534
confidence/000427.png,4629
confidence/000428.png,4623
confidence/000429.png,4639
confidence/000430.png,4687
confidence/000431.png,4635
confidence/000432.png,4675
confidence/000433.png,4674
confidence/000434.png,4651
confidence/000435.png,4640
confidence/000436.png,4599
confidence/000437.png,4602
confidence/000438.png,4616
confidence/000439.png,4644
confidence/000440.png,4603
confidence/000441.png,4647
confidence/000442.png,4639
confidence/000443.png,4630
confidence/000444.png,4742
confidence/000445.png,4642
confidence/000446.png,4703
confidence/000447.png,4612
confidence/000448.png,4657
confidence/000449.png,4670
confidence/000450.png,4680
confidence/000451.png,4669
confidence/000452.png,4610
confidence/000453.png,4595
confidence/000454.png,4594
confidence/000455.png,4579
confidence/000456.png,4692
confidence/000457.png,4624
confidence/000458.png,4657
confidence/000459.png,4636
confidence/000460.png,4645
confidence/000461.png,4616
confidence/000462.png,4655
confidence/000463.png,4678
confidence/000464.png,4646
confidence/000465.png,4643
confidence/000466.png,4666
confidence/000467.png,4613
confidence/000468.png,4611
confidence/000469.png,4640
confidence/000470.png,4592
confidence/000471.png,4600
confidence/000472.png,4619
confidence/000473.png,4628
confidence/000474.png,4649
confidence/000475.png,4566
confidence/000476.png,4542
confidence/000477.png,4567
confidence/000478.png,4608
confidence/000479.png,4598
confidence/000480.png,4578
confidence/000481.png,4573
confidence/000482.png,4581
confidence/000483.png,4617
confidence/000484.png,4673
confidence/000485.png,4588
confidence/000486.png,4596
confidence/000487.png,4633
confidence/000488.png,4599
confidence/000489.png,4566
confidence/000490.png,4599
confidence/000491.png,4598
confidence/000492.png,4526
confidence/000493.png,4549
confidence/000494.png,4505
confidence/000495.png,4508
confidence/000496.png,4469
confidence/000497.png,4492
confidence/000498.png,4443
confidence/000499.png,4443
confidence/000500.png,4496
confidence/000501.png,4553
confidence/000502.png,4578
confidence/000503.png,4542
confidence/000504.png,4521
confidence/000505.png,4478
confidence/000506.png,4467
confidence/000507.png,4481
confidence/000508.png,4490
confidence/000509.png,4495
confidence/000510.png,4467
confidence/000511.png,4416
confidence/000512.png,4423
confidence/000513.png,4396
confidence/000514.png,4397
confidence/000515.png,4408
confidence/000516.png,4418
confidence/000517.png,4391
confidence/000518.png,4397
confidence/000519.png,4381
confidence/000520.png,4333
confidence/000521.png,4307
confidence/000522.png,4427
confidence/000523.png,4457
confidence/000524.png,4382
confidence/000525.png,4372
confidence/000526.png,4375
confidence/000527.png,4330
confidence/000528.png,4358
confidence/000529.png,4353
confidence/000530.png,4262
confidence/000531.png,4314
confidence/000532.png,4320
confidence/000533.png,4344
confidence/000534.png,4356
confidence/000535.png,4327
confidence/000536.png,4280
confidence/000537.png,4298
confidence/000538.png,4332
confidence/000539.png,4291
confidence/000540.png,4345
confidence/000541.png,4371
confidence/000542.png,4339
confidence/000543.png,4366
confidence/000544.png,4375
confidence/000545.png,4270
confidence/000546.png,4409
confidence/000547.png,4310
confidence/000548.png,4418
confidence/000549.png,4281
confidence/000550.png,4278
confidence/000551.png,4322
confidence/000552.png,4335
confidence/000553.png,4321
confidence/000554.png,4391
confidence/000555.png,4544
confidence/000556.png,4420
confidence/000557.png,4431
confidence/000558.png,4516
confidence/000559.png,4466
confidence/000560.png,4574
confidence/000561.png,4596
confidence/000562.png,4596
confidence/000563.png,4477
confidence/000564.png,4617
confidence/000565.png,4567
confidence/000566.png,4502
confidence/000567.png,4560
confidence/000568.png,4521
confidence/000569.png,4339
confidence/000570.png,4363
confidence/000571.png,4398
confidence/000572.png,4400
confidence/000573.png,4037
confidence/000574.png,4324
confidence/000575.png,4332
confidence/000576.png,4058
confidence/000577.png,4050
confidence/000578.png,4130
confidence/000579.png,4147
confidence/000580.png,4003
confidence/000581.png,4025
confidence/000582.png,4144
confidence/000583.png,4131
confidence/000584.png,3913
confidence/000585.png,4073
confidence/000586.png,4056
confidence/000587.png,4240
confidence/000588.png,4333
confidence/000589.png,4457
confidence/000590.png,4242
confidence/000591.png,4459
confidence/000592.png,4282
confidence/000593.png,4223
confidence/000594.png,4260
confidence/000595.png,4261
confidence/000596.png,4233
confidence/000597.png,4329
confidence/000598.png,4448
confidence/000599.png,4496
confidence/000600.png,4604
confidence/000601.png,4555
confidence/000602.png,4672
confidence/000603.png,4700
confidence/000604.png,4730
confidence/000605.png,4614
confidence/000606.png,4581
confidence/000607.png,4710
confidence/000608.png,4577
confidence/000609.png,4746
confidence/000610.png,4689
confidence/000611.png,4618
confidence/000612.png,4720
confidence/000613.png,4583
confidence/000614.png,4645
confidence/000615.png,4607
confidence/000616.png,4642
confidence/000617.png,4604
confidence/000618.png,4642
confidence/000619.png,4722
confidence/000620.png,4600
confidence/000621.png,4625
confidence/000622.png,4582
confidence/000623.png,4572
confidence/000624.png,4575
confidence/000625.png,4646
confidence/000626.png,4763
confidence/000627.png,4810
confidence/000628.png,4680
confidence/000629.png,4646
confidence/000630.png,4613
confidence/000631.png,4606
confidence/000632.png,4646
confidence/000633.png,4620
confidence/000634.png,4659
confidence/000635.png,4641
confidence/000636.png,4586
confidence/000637.png,4674
confidence/000638.png,4755
confidence/000639.png,4646
confidence/000640.png,4650
confidence/000641.png,4640
confidence/000642.png,4644
confidence/000643.png,4604
confidence/000644.png,4594
confidence/000645.png,4664
confidence/000646.png,4665
confidence/000647.png,4692
confidence/000648.png,4646
confidence/000649.png,4753
confidence/000650.png,4603
confidence/000651.png,4533
confidence/000652.png,4622
confidence/000653.png,4654
confidence/000654.png,4528
confidence/000655.png,4486
confidence/000656.png,4605
confidence/000657.png,4592
confidence/000658.png,4763
confidence/000659.png,4621
confidence/000660.png,4628
confidence/000661.png,4572
confidence/000662.png,4599
confidence/000663.png,4535
confidence/000664.png,4513
confidence/000665.png,4472
confidence/000666.png,4519
confidence/000667.png,4581
confidence/000668.png,4506
confidence/000669.png,4548
confidence/000670.png,4618
confidence/000671.png,4618
confidence/000672.png,4520
confidence/000673.png,4564
confidence/000674.png,4571
confidence/000675.png,4630
confidence/000676.png,4616
confidence/000677.png,4681
confidence/000678.png,4634
confidence/000679.png,4495
confidence/000680.png,4612
confidence/000681.png,4591
confidence/000682.png,4678
confidence/000683.png,4613
confidence/000684.png,4581
confidence/000685.png,4546
confidence/000686.png,4647
confidence/000687.png,4567
confidence/000688.png,4528
confidence/000689.png,4461
confidence/000690.png,4586
confidence/000691.png,4627
confidence/000692.png,4692
confidence/000693.png,4728
confidence/000694.png,4556
confidence/000695.png,4624
confidence/000696.png,4547
confidence/000697.png,4337
confidence/000698.png,4668
confidence/000699.png,4569
confidence/000700.png,4576
confidence/000701.png,4540
confidence/000702.png,4654
confidence/000703.png,4650
confidence/000704.png,4822
confidence/000705.png,4837
confidence/000706.png,4822
confidence/000707.png,4854
confidence/000708.png,4730
confidence/000709.png,4759
confidence/000710.png,4680
confidence/000711.png,4613
confidence/000712.png,4666
confidence/000713.png,4884
confidence/000714.png,4865
confidence/000715.png,4971
confidence/000716.png,4913
confidence/000717.png,4892
confidence/000718.png,4980
confidence/000719.png,4983
confidence/000720.png,4924
confidence/000721.png,5024
confidence/000722.png,4976
confidence/000723.png,4936
confidence/000724.png,4934
confidence/000725.png,4974
confidence/000726.png,4994
confidence/000727.png,4940
confidence/000728.png,4949
confidence/000729.png,4904
confidence/000730.png,4893
confidence/000731.png,4767
confidence/000732.png,4751
confidence/000733.png,4650
confidence/000734.png,4656
confidence/000735.png,4679
confidence/000736.png,4655
confidence/000737.png,4693
confidence/000738.png,4718
confidence/000739.png,4700
confidence/000740.png,4779
confidence/000741.png,4777
confidence/000742.png,4815
confidence/000743.png,4790
confidence/000744.png,4823
confidence/000745.png,4866
confidence/000746.png,4830
confidence/000747.png,4851
confidence/000748.png,4837
confidence/000749.png,4789
confidence/000750.png,4725
confidence/000751.png,4758
confidence/000752.png,4698
confidence/000753.png,4744
confidence/000754.png,4705
confidence/000755.png,4812
confidence/000756.png,4847
confidence/000757.png,4850
confidence/000758.png,4869
confidence/000759.png,4851
confidence/000760.png,4831
confidence/000761.png,4835
confidence/000762.png,4787
confidence/000763.png,4827
confidence/000764.png,4790
confidence/000765.png,4784
confidence/000766.png,4845
confidence/000767.png,4779
confidence/000768.png,4822
confidence/000769.png,4815
confidence/000770.png,4619
confidence/000771.png,4651
confidence/000772.png,4593
confidence/000773.png,4623
confidence/000774.png,4648
confidence/000775.png,4604
confidence/000776.png,4645
confidence/000777.png,4668
confidence/000778.png,4655
confidence/000779.png,4746
confidence/000780.png,4819
confidence/000781.png,4742
confidence/000782.png,4726
confidence/000783.png,4774
confidence/000784.png,4733
confidence/000785.png,4710
confidence/000786.png,4684
confidence/000787.png,4699
confidence/000788.png,4737
confidence/000789.png,4725
confidence/000790.png,4687
confidence/000791.png,4705
confidence/000792.png,4709
confidence/000793.png,4636
confidence/000794.png,4682
confidence/000795.png,4703
confidence/000796.png,4790
confidence/000797.png,4741
confidence/000798.png,4729
confidence/000799.png,4698
confidence/000800.png,4748
confidence/000801.png,4721
confidence/000802.png,4666
confidence/000803.png,4735
confidence/000804.png,4816
confidence/000805.png,4916
confidence/000806.png,4836
confidence/000807.png,4866
confidence/000808.png,4734
confidence/000809.png,4684
confidence/000810.png,4929
confidence/000811.png,4878
confidence/000812.png,4840
confidence/000813.png,4834
confidence/000814.png,4543
confidence/000815.png,4769
confidence/000816.png,4661
confidence/000817.png,4760
confidence/000818.png,4695
confidence/000819.png,4839
confidence/000820.png,4744
confidence/000821.png,4641
confidence/000822.png,4582
confidence/000823.png,4613
confidence/000824.png,4712
confidence/000825.png,4886
confidence/000826.png,4898
confidence/000827.png,5023
confidence/000828.png,4908
confidence/000829.png,5094
confidence/000830.png,5195
confidence/000831.png,5147
confidence/000832.png,4957
confidence/000833.png,5089
confidence/000834.png,5100
confidence/000835.png,5181
confidence/000836.png,5184
confidence/000837.png,5094
confidence/000838.png,5416
confidence/000839.png,5519
confidence/000840.png,5403
confidence/000841.png,5473
confidence/000842.png,5405
confidence/000843.png,5583
confidence/000844.png,5267
confidence/000845.png,5427
confidence/000846.png,5655
confidence/000847.png,5744
confidence/000848.png,5777
confidence/000849.png,5915
confidence/000850.png,5942
confidence/000851.png,5834
confidence/000852.png,5758
confidence/000853.png,5976
confidence/000854.png,5929
confidence/000855.png,5785
confidence/000856.png,5887
confidence/000857.png,5886
confidence/000858.png,5765
confidence/000859.png,5762
confidence/000860.png,5969
confidence/000861.png,5890
confidence/000862.png,5895
confidence/000863.png,6079
confidence/000864.png,5787
confidence/000865.png,5973
confidence/000866.png,6082
confidence/000867.png,5977
confidence/000868.png,5751
confidence/000869.png,5992
confidence/000870.png,6042
confidence/000871.png,5993
confidence/000872.png,6032
confidence/000873.png,6043
confidence/000874.png,6189
confidence/000875.png,6026
confidence/000876.png,5992
confidence/000877.png,6109
confidence/000878.png,6198
confidence/000879.png,6157
confidence/000880.png,6240
confidence/000881.png,6415
confidence/000882.png,6009
confidence/000883.png,6350
confidence/000884.png,5992
confidence/000885.png,5734
confidence/000886.png,5717
confidence/000887.png,5917
confidence/000888.png,5860
confidence/000889.png,5682
confidence/000890.png,5678
confidence/000891.png,5838
confidence/000892.png,5829
confidence/000893.png,5916
confidence/000894.png,5794
confidence/000895.png,5412
confidence/000896.png,5595
confidence/000897.png,5592
confidence/000898.png,5865
confidence/000899.png,5586
confidence/000900.png,5985
confidence/000901.png,6000
confidence/000902.png,5835
confidence/000903.png,5724
confidence/000904.png,5851
confidence/000905.png,5783
confidence/000906.png,5661
confidence/000907.png,5390
confidence/000908.png,5641
confidence/000909.png,5716
confidence/000910.png,6038
confidence/000911.png,6006
confidence/000912.png,5856
confidence/000913.png,5798
confidence/000914.png,5662
confidence/000915.png,5670
confidence/000916.png,5464
confidence/000917.png,5643
confidence/000918.png,5764
confidence/000919.png,5540
confidence/000920.png,5719
confidence/000921.png,5667
confidence/000922.png,5693
confidence/000923.png,5613
confidence/000924.png,5690
confidence/000925.png,5663
confidence/000926.png,5631
confidence/000927.png,5495
confidence/000928.png,5550
confidence/000929.png,5558
confidence/000930.png,5626
confidence/000931.png,5541
confidence/000932.png,5429
confidence/000933.png,5819
confidence/000934.png,5477
confidence/000935.png,5560
confidence/000936.png,5609
confidence/000937.png,5668
confidence/000938.png,5711
confidence/000939.png,5609
confidence/000940.png,5585
confidence/000941.png,5552
confidence/000942.png,5531
confidence/000943.png,5506
confidence/000944.png,5512
confidence/000945.png,5697
confidence/000946.png,5867
confidence/000947.png,6005
confidence/000948.png,5752
confidence/000949.png,5937
confidence/000950.png,5725
confidence/000951.png,5796
confidence/000952.png,5701
confidence/000953.png,5774
confidence/000954.png,5737
confidence/000955.png,5800
confidence/000956.png,5714
confidence/000957.png,5597
confidence/000958.png,5655
confidence/000959.png,5827
confidence/000960.png,5979
confidence/000961.png,5959
confidence/000962.png,5890
confidence/000963.png,6133
confidence/000964.png,5949
confidence/000965.png,6288
confidence/000966.png,6204
confidence/000967.png,5986
confidence/000968.png,5895
confidence/000969.png,5760
confidence/000970.png,5791
confidence/000971.png,5778
confidence/000972.png,5741
confidence/000973.png,5707
confidence/000974.png,5527
confidence/000975.png,5635
confidence/000976.png,5594
confidence/000977.png,5553
confidence/000978.png,5518
confidence/000979.png,5617
confidence/000980.png,5637
confidence/000981.png,5769
confidence/000982.png,5124
confidence/000983.png,5216
confidence/000984.png,4978
confidence/000985.png,5061
confidence/000986.png,5039
confidence/000987.png,5268
confidence/000988.png,5384
confidence/000989.png,5351
confidence/000990.png,5284
confidence/000991.png,5392
confidence/000992.png,5333
confidence/000993.png,5560
confidence/000994.png,5573
confidence/000995.png,5680
confidence/000996.png,5571
confidence/000997.png,5374
confidence/000998.png,5367
confidence/000999.png,5493
confidence/001000.png,5609
confidence/001001.png,5274
confidence/001002.png,5602
confidence/001003.png,5381
confidence/001004.png,5403
confidence/001005.png,5471
confidence/001006.png,5421
confidence/001007.png,5332
confidence/001008.png,5312
confidence/001009.png,5110
confidence/001010.png,5379
confidence/001011.png,5517
confidence/001012.png,5590
confidence/001013.png,5428
confidence/001014.png,5556
confidence/001015.png,5551
confidence/001016.png,5795
confidence/001017.png,5797
confidence/001018.png,5845
confidence/001019.png,5746
confidence/001020.png,5530
confidence/001021.png,5711
confidence/001022.png,5548
confidence/001023.png,5679
confidence/001024.png,5645
confidence/001025.png,5413
confidence/001026.png,5551
confidence/001027.png,5526
confidence/001028.png,5448
confidence/001029.png,5387
confidence/001030.png,5142
confidence/001031.png,5121
confidence/001032.png,5204
confidence/001033.png,5144
confidence/001034.png,5129
confidence/001035.png,5112
confidence/001036.png,5120
confidence/001037.png,4944
confidence/001038.png,4993
confidence/001039.png,4930
confidence/001040.png,4578
confidence/001041.png,4700
confidence/001042.png,4660
confidence/001043.png,4554
confidence/001044.png,4425
confidence/001045.png,4665
confidence/001046.png,4530
confidence/001047.png,4366
confidence/001048.png,4504
confidence/001049.png,4422
confidence/001050.png,4390
confidence/001051.png,4331
confidence/001052.png,4396
confidence/001053.png,4465
confidence/001054.png,4549
confidence/001055.png,4791
confidence/001056.png,4786
confidence/001057.png,4844
confidence/001058.png,5041
confidence/001059.png,4830
confidence/001060.png,4743
confidence/001061.png,4718
confidence/001062.png,4794
confidence/001063.png,4934
confidence/001064.png,4754
confidence/001065.png,4799
confidence/001066.png,4749
confidence/001067.png,4759
confidence/001068.png,4625
confidence/001069.png,4608
confidence/001070.png,4715
confidence/001071.png,4723
confidence/001072.png,4745
confidence/001073.png,4530
confidence/001074.png,4624
confidence/001075.png,4753
confidence/001076.png,4597
confidence/001077.png,4523
confidence/001078.png,4498
confidence/001079.png,4613
confidence/001080.png,4550
confidence/001081.png,4801
confidence/001082.png,4470
confidence/001083.png,4566
confidence/001084.png,4677
confidence/001085.png,4592
confidence/001086.png,4514
confidence/001087.png,4501
confidence/001088.png,4559
confidence/001089.png,4593
confidence/001090.png,4418
confidence/001091.png,4404
confidence/001092.png,4381
confidence/001093.png,4486
confidence/001094.png,4526
confidence/001095.png,4494
confidence/001096.png,4570
confidence/001097.png,4580
confidence/001098.png,4540
confidence/001099.png,4661
confidence/001100.png,4537
confidence/001101.png,4521
confidence/001102.png,4752
confidence/001103.png,4828
confidence/001104.png,4773
confidence/001105.png,4844
confidence/001106.png,4879
confidence/001107.png,4836
confidence/001108.png,4838
confidence/001109.png,4881
confidence/001110.png,4751
confidence/001111.png,4825
confidence/001112.png,4803
confidence/001113.png,4945
confidence/001114.png,4789
confidence/001115.png,4677
confidence/001116.png,4723
confidence/001117.png,4964
confidence/001118.png,4809
confidence/001119.png,4966
confidence/001120.png,5003
confidence/001121.png,5126
confidence/001122.png,5073
confidence/001123.png,5130
confidence/001124.png,5264
confidence/001125.png,5256
confidence/001126.png,5151
confidence/001127.png,4939
confidence/001128.png,4911
confidence/001129.png,4784
confidence/001130.png,4845
confidence/001131.png,4885
confidence/001132.png,4730
confidence/001133.png,4566
confidence/001134.png,4731
confidence/001135.png,4806
confidence/001136.png,4470
confidence/001137.png,4548
confidence/001138.png,4360
confidence/001139.png,4270
confidence/001140.png,4286
confidence/001141.png,4223
confidence/001142.png,4084
confidence/001143.png,4093
confidence/001144.png,4141
confidence/001145.png,4161
confidence/001146.png,4201
confidence/001147.png,4372
confidence/001148.png,4372
confidence/001149.png,4415
confidence/001150.png,4460
confidence/001151.png,4464
confidence/001152.png,4561
confidence/001153.png,4751
confidence/001154.png,4848
confidence/001155.png,5078
confidence/001156.png,4947
confidence/001157.png,5004
confidence/001158.png,4999
confidence/001159.png,5043
confidence/001160.png,4929
confidence/001161.png,4816
confidence/001162.png,4860
confidence/001163.png,4783
confidence/001164.png,4897
confidence/001165.png,4935
confidence/001166.png,4799
confidence/001167.png,4787
confidence/001168.png,4727
confidence/001169.png,4967
confidence/001170.png,5024
confidence/001171.png,5126
confidence/001172.png,4910
confidence/001173.png,4627
confidence/001174.png,4607
confidence/001175.png,4583
confidence/001176.png,4326
confidence/001177.png,4485
confidence/001178.png,4176
confidence/001179.png,4038
confidence/001180.png,4082
confidence/001181.png,4075
confidence/001182.png,4206
confidence/001183.png,4199
confidence/001184.png,4543
confidence/001185.png,4862
confidence/001186.png,4888
confidence/001187.png,5225
confidence/001188.png,5292
confidence/001189.png,5527
confidence/001190.png,5809
confidence/001191.png,6012
confidence/001192.png,6005
confidence/001193.png,6320
confidence/001194.png,5668
confidence/001195.png,5850
confidence/001196.png,5707
confidence/001197.png,5402
confidence/001198.png,5570
confidence/001199.png,5512
confidence/001200.png,5649
confidence/001201.png,5889
confidence/001202.png,5644
confidence/001203.png,5355
confidence/001204.png,5259
confidence/001205.png,5127
confidence/001206.png,5040
confidence/001207.png,4818
confidence/001208.png,4888
confidence/001209.png,4929
confidence/001210.png,4547
confidence/001211.png,4766
confidence/001212.png,4696
confidence/001213.png,4724
confidence/001214.png,4702
confidence/001215.png,4681
confidence/001216.png,4672
confidence/001217.png,4670
confidence/001218.png,4693
confidence/001219.png,4624
confidence/001220.png,4711
confidence/001221.png,4834
confidence/001222.png,4789
confidence/001223.png,4687
confidence/001224.png,4730
confidence/001225.png,4683
confidence/001226.png,4762
confidence/001227.png,4636
confidence/001228.png,4744
confidence/001229.png,4679
confidence/001230.png,4659
confidence/001231.png,4691
confidence/001232.png,4693
confidence/001233.png,4629
confidence/001234.png,4597
confidence/001235.png,4560
confidence/001236.png,4574
confidence/001237.png,4552
confidence/001238.png,4625
confidence/001239.png,4607
confidence/001240.png,4545
confidence/001241.png,4561
confidence/001242.png,4497
confidence/001243.png,4612
confidence/001244.png,4539
confidence/001245.png,4481
confidence/001246.png,4499
confidence/001247.png,4655
confidence/001248.png,4647
confidence/001249.png,4597
confidence/001250.png,4476
confidence/001251.png,4480
confidence/001252.png,4404
confidence/001253.png,4489
confidence/001254.png,4397
confidence/001255.png,4382
confidence/001256.png,4316
confidence/001257.png,4386
confidence/001258.png,4474
confidence/001259.png,4360
confidence/001260.png,4384
confidence/001261.png,4480
confidence/001262.png,4506
confidence/001263.png,4462
confidence/001264.png,4499
confidence/001265.png,4527
confidence/001266.png,4460
confidence/001267.png,4241
confidence/001268.png,4307
confidence/001269.png,4277
confidence/001270.png,4211
confidence/001271.png,4270
confidence/001272.png,4304
confidence/001273.png,4273
confidence/001274.png,4240
confidence/001275.png,4341
confidence/001276.png,4371
confidence/001277.png,4296
confidence/001278.png,4295
confidence/001279.png,4275
confidence/001280.png,4299
confidence/001281.png,4333
confidence/001282.png,4198
confidence/001283.png,4165
confidence/001284.png,4231
confidence/001285.png,4154
confidence/001286.png,4191
confidence/001287.png,4233
confidence/001288.png,4160
confidence/001289.png,4170
confidence/001290.png,4371
confidence/001291.png,4482
confidence/001292.png,4420
confidence/001293.png,4276
confidence/001294.png,4223
confidence/001295.png,4120
confidence/001296.png,4415
confidence/001297.png,4339
confidence/001298.png,4307
confidence/001299.png,4379
confidence/001300.png,4432
confidence/001301.png,4445
confidence/001302.png,4087
confidence/001303.png,4344
confidence/001304.png,4375
confidence/001305.png,4282
confidence/001306.png,4337
confidence/001307.png,4346
confidence/001308.png,4348
confidence/001309.png,4373
confidence/001310.png,4322
confidence/001311.png,4369
confidence/001312.png,4283
confidence/001313.png,4368
confidence/001314.png,4265
confidence/001315.png,4228
confidence/001316.png,4239
confidence/001317.png,4212
confidence/001318.png,4187
confidence/001319.png,4164
confidence/001320.png,4101
confidence/001321.png,4163
confidence/001322.png,3972
confidence/001323.png,3997
confidence/001324.png,3972
confidence/001325.png,3974
confidence/001326.png,3972
confidence/001327.png,3976
confidence/001328.png,3972
confidence/001329.png,3973
confidence/001330.png,4019
confidence/001331.png,3979
confidence/001332.png,3969
confidence/001333.png,3951
confidence/001334.png,4001
confidence/001335.png,3996
confidence/001336.png,3969
confidence/001337.png,3817
confidence/001338.png,3812
confidence/001339.png,3821
confidence/001340.png,3821
confidence/001341.png,3820
confidence/001342.png,3819
confidence/001343.png,3824
confidence/001344.png,3819
confidence/001345.png,3817
confidence/001346.png,3817
confidence/001347.png,3825
confidence/001348.png,3989
confidence/001349.png,3965
confidence/001350.png,3819
confidence/001351.png,3951
confidence/001352.png,3952
confidence/001353.png,3951
confidence/001354.png,3952
confidence/001355.png,3951
confidence/001356.png,3951
confidence/001357.png,3820
confidence/001358.png,3827
confidence/001359.png,3821
confidence/001360.png,3820
confidence/001361.png,3812
confidence/001362.png,3895
confidence/001363.png,3826
confidence/001364.png,3948
confidence/001365.png,3987
confidence/001366.png,3818
confidence/001367.png,3970
confidence/001368.png,3933
confidence/001369.png,4073
confidence/001370.png,3973
confidence/001371.png,4071
confidence/001372.png,4007
confidence/001373.png,3869
confidence/001374.png,4017
confidence/001375.png,4019
confidence/001376.png,4150
confidence/001377.png,3924
confidence/001378.png,3864
confidence/001379.png,4077
confidence/001380.png,4026
confidence/001381.png,3847
confidence/001382.png,4288
confidence/001383.png,4300
confidence/001384.png,4344
confidence/001385.png,4610
confidence/001386.png,4551
confidence/001387.png,4393
confidence/001388.png,4735
confidence/001389.png,4560
confidence/001390.png,4505
confidence/001391.png,4865
confidence/001392.png,4574
confidence/001393.png,4560
confidence/001394.png,4739
confidence/001395.png,4591
confidence/001396.png,4613
confidence/001397.png,4894
confidence/001398.png,4747
confidence/001399.png,4694
confidence/001400.png,5050
confidence/001401.png,4992
confidence/001402.png,5004
confidence/001403.png,5006
confidence/001404.png,5073
confidence/001405.png,5227
confidence/001406.png,5296
confidence/001407.png,5264
confidence/001408.png,5132
confidence/001409.png,5384
confidence/001410.png,5474
confidence/001411.png,5154
confidence/001412.png,5069
confidence/001413.png,5034
confidence/001414.png,5047
confidence/001415.png,4991
confidence/001416.png,4959
confidence/001417.png,5208
confidence/001418.png,5073
confidence/001419.png,5065
confidence/001420.png,4931
confidence/001421.png,4907
confidence/001422.png,4957
confidence/001423.png,5098
confidence/001424.png,5319
confidence/001425.png,5080
confidence/001426.png,4723
confidence/001427.png,4670
confidence/001428.png,4939
confidence/001429.png,4938
confidence/001430.png,5084
confidence/001431.png,4916
confidence/001432.png,5019
confidence/001433.png,4866
confidence/001434.png,4919
confidence/001435.png,4832
confidence/001436.png,4930
confidence/001437.png,4874
confidence/001438.png,4833
confidence/001439.png,4899
confidence/001440.png,4842
confidence/001441.png,4981
confidence/001442.png,4865
confidence/001443.png,4930
confidence/001444.png,4983
confidence/001445.png,4996
confidence/001446.png,5034
confidence/001447.png,4969
confidence/001448.png,5017
confidence/001449.png,5104
confidence/001450.png,5045
confidence/001451.png,5082
confidence/001452.png,5257
confidence/001453.png,5025
confidence/001454.png,4978
confidence/001455.png,4958
confidence/001456.png,5045
confidence/001457.png,5051
confidence/001458.png,5043
confidence/001459.png,5149
confidence/001460.png,5108
confidence/001461.png,5213
confidence/001462.png,5156
confidence/001463.png,5129
confidence/001464.png,5168
confidence/001465.png,5382
confidence/001466.png,5283
confidence/001467.png,5317
confidence/001468.png,5222
confidence/001469.png,5317
confidence/001470.png,5272
confidence/001471.png,5385
confidence/001472.png,5599
confidence/001473.png,5420
confidence/001474.png,5405
confidence/001475.png,5480
confidence/001476.png,5692
confidence/001477.png,5856
confidence/001478.png,5746
confidence/001479.png,5786
confidence/001480.png,5800
confidence/001481.png,5767
confidence/001482.png,5725
confidence/001483.png,5677
confidence/001484.png,5786
confidence/001485.png,5726
confidence/001486.png,5869
confidence/001487.png,5742
confidence/001488.png,5637
confidence/001489.png,5768
confidence/001490.png,5887
confidence/001491.png,5717
confidence/001492.png,5842
confidence/001493.png,5719
confidence/001494.png,5647
confidence/001495.png,5574
confidence/001496.png,5589
confidence/001497.png,5455
confidence/001498.png,5351
confidence/001499.png,5499
confidence/001500.png,5391
confidence/001501.png,5436
confidence/001502.png,5453
confidence/001503.png,5221
confidence/001504.png,5369
confidence/001505.png,5151
confidence/001506.png,5222
confidence/001507.png,5422
confidence/001508.png,5453
confidence/001509.png,5206
confidence/001510.png,5361
confidence/001511.png,5543
confidence/001512.png,5146
confidence/001513.png,5199
confidence/001514.png,5176
confidence/001515.png,5116
confidence/001516.png,5049
confidence/001517.png,5147
confidence/001518.png,5006
confidence/001519.png,5215
confidence/001520.png,5116
confidence/001521.png,4902
confidence/001522.png,4937
confidence/001523.png,4979
confidence/001524.png,4958
confidence/001525.png,4881
confidence/001526.png,4888
confidence/001527.png,4909
confidence/001528.png,4994
confidence/001529.png,5084
confidence/001530.png,5008
confidence/001531.png,4903
confidence/001532.png,5012
confidence/001533.png,4939
confidence/001534.png,5010
confidence/001535.png,5000
confidence/001536.png,4920
confidence/001537.png,4855
confidence/001538.png,4701
confidence/001539.png,4740
confidence/001540.png,4698
confidence/001541.png,4598
confidence/001542.png,4618
confidence/001543.png,4561
confidence/001544.png,4528
confidence/001545.png,4554
confidence/001546.png,4586
confidence/001547.png,4553
confidence/001548.png,4602
confidence/001549.png,4581
confidence/001550.png,4611
confidence/001551.png,4617
confidence/001552.png,4590
confidence/001553.png,4598
confidence/001554.png,4517
confidence/001555.png,4481
confidence/001556.png,4479
confidence/001557.png,4477
confidence/001558.png,4513
confidence/001559.png,4440
confidence/001560.png,4415
confidence/001561.png,4291
confidence/001562.png,4211
confidence/001563.png,4271
confidence/001564.png,4376
confidence/001565.png,4201
confidence/001566.png,4307
confidence/001567.png,4475
confidence/001568.png,4050
confidence/001569.png,4195
confidence/001570.png,4232
confidence/001571.png,4233
confidence/001572.png,4280
confidence/001573.png,4239
confidence/001574.png,4253
confidence/001575.png,4282
confidence/001576.png,4306
confidence/001577.png,4411
confidence/001578.png,4435
confidence/001579.png,4348
confidence/001580.png,4473
confidence/001581.png,4441
confidence/001582.png,4365
confidence/001583.png,4318
confidence/001584.png,4266
confidence/001585.png,4172
confidence/001586.png,4099
confidence/001587.png,3854
confidence/001588.png,4065
confidence/001589.png,4036
confidence/001590.png,4043
confidence/001591.png,4026
confidence/001592.png,4049
confidence/001593.png,4077
confidence/001594.png,4054
confidence/001595.png,4078
confidence/001596.png,4052
confidence/001597.png,4047
confidence/001598.png,4039
confidence/001599.png,4049
confidence/001600.png,4028
confidence/001601.png,4052
confidence/001602.png,3878
confidence/001603.png,4057
confidence/001604.png,3997
confidence/001605.png,4016
confidence/001606.png,4135
confidence/001607.png,4013
confidence/001608.png,3980
confidence/001609.png,3852
confidence/001610.png,3966
confidence/001611.png,3840
confidence/001612.png,3951
confidence/001613.png,3964
confidence/001614.png,3951
confidence/001615.png,3992
confidence/001616.png,3951
confidence/001617.png,3951
confidence/001618.png,3950
confidence/001619.png,3968
confidence/001620.png,4000
confidence/001621.png,3851
confidence/001622.png,3949
confidence/001623.png,3983
confidence/001624.png,4003
confidence/001625.png,3965
confidence/001626.png,3952
confidence/001627.png,3866
confidence/001628.png,4071
confidence/001629.png,4040
confidence/001630.png,4034
confidence/001631.png,4074
confidence/001632.png,4187
confidence/001633.png,4203
confidence/001634.png,4417
confidence/001635.png,4504
confidence/001636.png,4344
confidence/001637.png,4665
confidence/001638.png,4992
confidence/001639.png,5192
confidence/001640.png,5482
confidence/001641.png,5456
confidence/001642.png,4712
confidence/001643.png,4912
confidence/001644.png,4883
confidence/001645.png,4822
confidence/001646.png,4731
confidence/001647.png,4938
confidence/001648.png,4878
confidence/001649.png,4854
confidence/001650.png,5162
confidence/001651.png,5056
confidence/001652.png,5132
confidence/001653.png,5133
confidence/001654.png,5205
confidence/001655.png,5078
confidence/001656.png,4857
confidence/001657.png,4946
confidence/001658.png,5035
confidence/001659.png,5202
confidence/001660.png,5085
confidence/001661.png,5165
confidence/001662.png,5239
confidence/001663.png,5228
confidence/001664.png,5242
confidence/001665.png,5270
confidence/001666.png,5252
confidence/001667.png,5220
confidence/001668.png,5210
confidence/001669.png,5174
confidence/001670.png,5328
confidence/001671.png,5330
confidence/001672.png,5597
confidence/001673.png,5418
confidence/001674.png,5414
confidence/001675.png,5108
confidence/001676.png,5222
confidence/001677.png,5101
confidence/001678.png,5127
confidence/001679.png,4829
confidence/001680.png,4761
confidence/001681.png,4780
confidence/001682.png,4633
confidence/001683.png,4762
confidence/001684.png,4794
confidence/001685.png,4705
confidence/001686.png,4667
confidence/001687.png,4589
confidence/001688.png,4499
confidence/001689.png,4642
confidence/001690.png,4670
confidence/001691.png,4575
confidence/001692.png,4654
confidence/001693.png,4641
confidence/001694.png,4598
confidence/001695.png,4636
confidence/001696.png,4570
confidence/001697.png,4565
confidence/001698.png,4613
confidence/001699.png,4604
confidence/001700.png,4678
confidence/001701.png,4600
confidence/001702.png,4611
confidence/001703.png,4733
confidence/001704.png,4606
confidence/001705.png,4705
confidence/001706.png,4622
confidence/001707.png,4662
confidence/001708.png,4603
confidence/001709.png,4629
confidence/001710.png,4604
confidence/001711.png,4628
confidence/001712.png,4631
confidence/001713.png,4636
confidence/001714.png,4649
depth/000000.png,19244
depth/000001.png,18890
depth/000002.png,18876
depth/000003.png,18989
depth/000004.png,19330
depth/000005.png,19329
depth/000006.png,19073
depth/000007.png,18813
depth/000008.png,18769
depth/000009.png,18877
depth/000010.png,19084
depth/000011.png,19122
depth/000012.png,19476
depth/000013.png,19405
depth/000014.png,19246
depth/000015.png,19094
depth/000016.png,19146
depth/000017.png,19062
depth/000018.png,19071
depth/000019.png,19001
depth/000020.png,19044
depth/000021.png,19198
depth/000022.png,19057
depth/000023.png,19112
depth/000024.png,19453
depth/000025.png,19292
depth/000026.png,19332
depth/000027.png,19272
depth/000028.png,19274
depth/000029.png,19221
depth/000030.png,19377
depth/000031.png,19328
depth/000032.png,19414
depth/000033.png,19298
depth/000034.png,19521
depth/000035.png,19818
depth/000036.png,19599
depth/000037.png,20015
depth/000038.png,20072
depth/000039.png,20294
depth/000040.png,20218
depth/000041.png,20468
depth/000042.png,20634
depth/000043.png,21500
depth/000044.png,21586
depth/000045.png,21820
depth/000046.png,22221
depth/000047.png,22321
depth/000048.png,22729
depth/000049.png,23651
depth/000050.png,23469
depth/000051.png,23816
depth/000052.png,23553
depth/000053.png,24971
depth/000054.png,24950
depth/000055.png,25428
depth/000056.png,26120
depth/000057.png,25713
depth/000058.png,25979
depth/000059.png,25478
depth/000060.png,25823
depth/000061.png,25609
depth/000062.png,24997
depth/000063.png,24944
depth/000064.png,24985
depth/000065.png,24992
depth/000066.png,24363
depth/000067.png,24483
depth/000068.png,24129
depth/000069.png,23954
depth/000070.png,23496
depth/000071.png,23381
depth/000072.png,23853
depth/000073.png,23581
depth/000074.png,23004
depth/000075.png,22682
depth/000076.png,22105
depth/000077.png,21526
depth/000078.png,21712
depth/000079.png,20761
depth/000080.png,20852
depth/000081.png,20606
depth/000082.png,21091
depth/000083.png,20392
depth/000084.png,20399
depth/000085.png,20402
depth/000086.png,20508
depth/000087.png,20286
depth/000088.png,20174
depth/000089.png,19779
depth/000090.png,20005
depth/000091.png,19864
depth/000092.png,19788
depth/000093.png,19599
depth/000094.png,19651
depth/000095.png,19664
depth/000096.png,19537
depth/000097.png,20113
depth/000098.png,20059
depth/000099.png,20968
depth/000100.png,21029
depth/000101.png,20963
depth/000102.png,20450
depth/000103.png,20533
depth/000104.png,20553
depth/000105.png,20422
depth/000106.png,20313
depth/000107.png,20272
depth/000108.png,20259
depth/000109.png,20104
depth/000110.png,20029
depth/000111.png,20355
depth/000112.png,20167
depth/000113.png,19620
depth/000114.png,19621
depth/000115.png,20126
depth/000116.png,20291
depth/000117.png,20250
depth/000118.png,19963
depth/000119.png,19779
depth/000120.png,20049
depth/000121.png,20114
depth/000122.png,20283
depth/000123.png,19889
depth/000124.png,19978
depth/000125.png,19918
depth/000126.png,19944
depth/000127.png,19796
depth/000128.png,19821
depth/000129.png,19701
depth/000130.png,19792
depth/000131.png,19840
depth/000132.png,19999
depth/000133.png,19899
depth/000134.png,20084
depth/000135.png,19858
depth/000136.png,20004
depth/000137.png,19674
depth/000138.png,19760
depth/000139.png,19400
depth/000140.png,18506
depth/000141.png,18385
depth/000142.png,17803
depth/000143.png,18135
depth/000144.png,18194
depth/000145.png,18294
depth/000146.png,18214
depth/000147.png,18396
depth/000148.png,18470
depth/000149.png,18379
depth/000150.png,18255
depth/000151.png,18226
depth/000152.png,17845
depth/000153.png,17301
depth/000154.png,17252
depth/000155.png,16966
depth/000156.png,17402
depth/000157.png,16703
depth/000158.png,16665
depth/000159.png,17507
depth/000160.png,17343
depth/000161.png,18364
depth/000162.png,17714
depth/000163.png,17976
depth/000164.png,17362
depth/000165.png,17424
depth/000166.png,17268
depth/000167.png,17693
depth/000168.png,17367
depth/000169.png,17148
depth/000170.png,17514
depth/000171.png,17750
depth/000172.png,17486
depth/000173.png,17262
depth/000174.png,17055
depth/000175.png,17314
depth/000176.png,17607
depth/000177.png,17819
depth/000178.png,18275
depth/000179.png,18141
depth/000180.png,18048
depth/000181.png,18441
depth/000182.png,18518
depth/000183.png,18410
depth/000184.png,18308
depth/000185.png,18722
depth/000186.png,18529
depth/000187.png,19104
depth/000188.png,18826
depth/000189.png,19123
depth/000190.png,19041
depth/000191.png,19159
depth/000192.png,18448
depth/000193.png,18320
depth/000194.png,19120
depth/000195.png,19406
depth/000196.png,19570
depth/000197.png,19338
depth/000198.png,19265
depth/000199.png,18427
depth/000200.png,18847
depth/000201.png,19273
depth/000202.png,20063
depth/000203.png,20588
depth/000204.png,19598
depth/000205.png,20177
depth/000206.png,19095
depth/000207.png,19812
depth/000208.png,20597
depth/000209.png,19767
depth/000210.png,19492
depth/000211.png,19587
depth/000212.png,19368
depth/000213.png,18396
depth/000214.png,17292
depth/000215.png,16611
depth/000216.png,15620
depth/000217.png,14526
depth/000218.png,14184
depth/000219.png,13274
depth/000220.png,12135
depth/000221.png,12207
depth/000222.png,12528
depth/000223.png,12429
depth/000224.png,12628
depth/000225.png,12847
depth/000226.png,13500
depth/000227.png,13222
depth/000228.png,14340
depth/000229.png,15125
depth/000230.png,14748
depth/000231.png,15094
depth/000232.png,15719
depth/000233.png,15607
depth/000234.png,15922
depth/000235.png,14615
depth/000236.png,13724
depth/000237.png,14069
depth/000238.png,14702
depth/000239.png,15769
depth/000240.png,16540
depth/000241.png,17192
depth/000242.png,16717
depth/000243.png,17929
depth/000244.png,18496
depth/000245.png,18953
depth/000246.png,19210
depth/000247.png,19677
depth/000248.png,19716
depth/000249.png,20008
depth/000250.png,20824
depth/000251.png,21372
depth/000252.png,23185
depth/000253.png,22944
depth/000254.png,23425
depth/000255.png,22829
depth/000256.png,23069
depth/000257.png,22357
depth/000258.png,21890
depth/000259.png,21704
depth/000260.png,20767
depth/000261.png,20230
depth/000262.png,20450
depth/000263.png,19750
depth/000264.png,19846
depth/000265.png,19870
depth/000266.png,20168
depth/000267.png,20095
depth/000268.png,20302
depth/000269.png,20047
depth/000270.png,20823
depth/000271.png,20582
depth/000272.png,20487
depth/000273.png,20942
depth/000274.png,20609
depth/000275.png,20843
depth/000276.png,20795
depth/000277.png,21154
depth/000278.png,20895
depth/000279.png,21185
depth/000280.png,21163
depth/000281.png,21540
depth/000282.png,21447
depth/000283.png,21379
depth/000284.png,21727
depth/000285.png,21601
depth/000286.png,21569
depth/000287.png,21333
depth/000288.png,21253
depth/000289.png,20801
depth/000290.png,20995
depth/000291.png,21080
depth/000292.png,21242
depth/000293.png,21294
depth/000294.png,21321
depth/000295.png,21197
depth/000296.png,21037
depth/000297.png,21218
depth/000298.png,20691
depth/000299.png,20706
depth/000300.png,20799
depth/000301.png,20974
depth/000302.png,20718
depth/000303.png,20190
depth/000304.png,20035
depth/000305.png,19785
depth/000306.png,20028
depth/000307.png,19551
depth/000308.png,19126
depth/000309.png,19147
depth/000310.png,18798
depth/000311.png,18680
depth/000312.png,18789
depth/000313.png,19029
depth/000314.png,18748
depth/000315.png,18651
depth/000316.png,18586
depth/000317.png,19075
depth/000318.png,19426
depth/000319.png,19433
depth/000320.png,19926
depth/000321.png,20068
depth/000322.png,20186
depth/000323.png,20411
depth/000324.png,20810
depth/000325.png,21536
depth/000326.png,21432
depth/000327.png,22125
depth/000328.png,22372
depth/000329.png,22423
depth/000330.png,23163
depth/000331.png,23266
depth/000332.png,22992
depth/000333.png,22861
depth/000334.png,22967
depth/000335.png,22816
depth/000336.png,22991
depth/000337.png,22974
depth/000338.png,23459
depth/000339.png,23688
depth/000340.png,24000
depth/000341.png,24233
depth/000342.png,24834
depth/000343.png,25595
depth/000344.png,25783
depth/000345.png,26012
depth/000346.png,26143
depth/000347.png,26227
depth/000348.png,26487
depth/000349.png,26424
depth/000350.png,26134
depth/000351.png,26479
depth/000352.png,26561
depth/000353.png,26610
depth/000354.png,26219
depth/000355.png,26327
depth/000356.png,26328
depth/000357.png,26142
depth/000358.png,26079
depth/000359.png,26356
depth/000360.png,25930
depth/000361.png,25935
depth/000362.png,25999
depth/000363.png,25636
depth/000364.png,25593
depth/000365.png,25565
depth/000366.png,25525
depth/000367.png,25812
depth/000368.png,25578
depth/000369.png,25512
depth/000370.png,25613
depth/000371.png,25238
depth/000372.png,25631
depth/000373.png,25515
depth/000374.png,25210
depth/000375.png,25313
depth/000376.png,25199
depth/000377.png,24803
depth/000378.png,25233
depth/000379.png,25253
depth/000380.png,25190
depth/000381.png,25183
depth/000382.png,24656
depth/000383.png,24947
depth/000384.png,24915
depth/000385.png,24660
depth/000386.png,24431
depth/000387.png,24358
depth/000388.png,24168
depth/000389.png,24378
depth/000390.png,24273
depth/000391.png,24049
depth/000392.png,23869
depth/000393.png,23939
depth/000394.png,23977
depth/000395.png,23906
depth/000396.png,24187
depth/000397.png,23850
depth/000398.png,23521
depth/000399.png,23522
depth/000400.png,23213
depth/000401.png,23346
depth/000402.png,23225
depth/000403.png,23021
depth/000404.png,23246
depth/000405.png,23253
depth/000406.png,22998
depth/000407.png,23146
depth/000408.png,23317
depth/000409.png,23351
depth/000410.png,23343
depth/000411.png,23167
depth/000412.png,23227
depth/000413.png,23534
depth/000414.png,23417
depth/000415.png,23518
depth/000416.png,23398
depth/000417.png,23489
depth/000418.png,23284
depth/000419.png,23476
depth/000420.png,23457
depth/000421.png,23460
depth/000422.png,23380
depth/000423.png,23439
depth/000424.png,23669
depth/000425.png,23613
depth/000426.png,23496
depth/000427.png,23861
depth/000428.png,23830
depth/000429.png,24136
depth/000430.png,24378
depth/000431.png,24111
depth/000432.png,24372
depth/000433.png,24168
depth/000434.png,24047
depth/000435.png,24263
depth/000436.png,23963
depth/000437.png,24134
depth/000438.png,24173
depth/000439.png,24302
depth/000440.png,24143
depth/000441.png,24127
depth/000442.png,24533
depth/000443.png,24437
depth/000444.png,24639
depth/000445.png,24610
depth/000446.png,24521
depth/000447.png,24366
depth/000448.png,24487
depth/000449.png,24758
depth/000450.png,25064
depth/000451.png,24918
depth/000452.png,24913
depth/000453.png,24895
depth/000454.png,24748
depth/000455.png,24773
depth/000456.png,24778
depth/000457.png,24880
depth/000458.png,24898
depth/000459.png,24709
depth/000460.png,24473
depth/000461.png,24592
depth/000462.png,24467
depth/000463.png,24419
depth/000464.png,24638
depth/000465.png,24705
depth/000466.png,24564
depth/000467.png,24781
depth/000468.png,24687
depth/000469.png,24675
depth/000470.png,24511
depth/000471.png,24442
depth/000472.png,24235
depth/000473.png,24367
depth/000474.png,24083
depth/000475.png,23963
depth/000476.png,23774
depth/000477.png,23871
depth/000478.png,23736
depth/000479.png,23742
depth/000480.png,23529
depth/000481.png,23551
depth/000482.png,23257
depth/000483.png,23279
depth/000484.png,23413
depth/000485.png,23227
depth/000486.png,23335
depth/000487.png,23401
depth/000488.png,23431
depth/000489.png,23479
depth/000490.png,23529
depth/000491.png,23284
depth/000492.png,23480
depth/000493.png,23160
depth/000494.png,23164
depth/000495.png,23355
depth/000496.png,23481
depth/000497.png,23457
depth/000498.png,23311
depth/000499.png,23341
depth/000500.png,23585
depth/000501.png,23749
depth/000502.png,23646
depth/000503.png,23593
depth/000504.png,23510
depth/000505.png,23650
depth/000506.png,23595
depth/000507.png,23419
depth/000508.png,23029
depth/000509.png,22611
depth/000510.png,22418
depth/000511.png,22273
depth/000512.png,22211
depth/000513.png,21919
depth/000514.png,21659
depth/000515.png,21397
depth/000516.png,21449
depth/000517.png,21047
depth/000518.png,21007
depth/000519.png,20796
depth/000520.png,20494
depth/000521.png,20582
depth/000522.png,20582
depth/000523.png,20758
depth/000524.png,20743
depth/000525.png,20504
depth/000526.png,20539
depth/000527.png,20437
depth/000528.png,20522
depth/000529.png,20420
depth/000530.png,20252
depth/000531.png,20300
depth/000532.png,20433
depth/000533.png,20429
depth/000534.png,20569
depth/000535.png,20439
depth/000536.png,20102
depth/000537.png,20129
depth/000538.png,20188
depth/000539.png,20167
depth/000540.png,20002
depth/000541.png,19854
depth/000542.png,19914
depth/000543.png,19830
depth/000544.png,20310
depth/000545.png,20280
depth/000546.png,20629
depth/000547.png,20608
depth/000548.png,21038
depth/000549.png,21129
depth/000550.png,21129
depth/000551.png,21643
depth/000552.png,22020
depth/000553.png,21910
depth/000554.png,22471
depth/000555.png,22605
depth/000556.png,22574
depth/000557.png,22739
depth/000558.png,23092
depth/000559.png,22847
depth/000560.png,22546
depth/000561.png,22844
depth/000562.png,22248
depth/000563.png,21751
depth/000564.png,21923
depth/000565.png,21698
depth/000566.png,21328
depth/000567.png,20692
depth/000568.png,20514
depth/000569.png,20007
depth/000570.png,19493
depth/000571.png,19054
depth/000572.png,18909
depth/000573.png,17647
depth/000574.png,17869
depth/000575.png,17458
depth/000576.png,16970
depth/000577.png,16520
depth/000578.png,16720
depth/000579.png,16300
depth/000580.png,15927
depth/000581.png,15515
depth/000582.png,15435
depth/000583.png,14883
depth/000584.png,14647
depth/000585.png,14739
depth/000586.png,14811
depth/000587.png,15077
depth/000588.png,15500
depth/000589.png,15534
depth/000590.png,16204
depth/000591.png,15769
depth/000592.png,15216
depth/000593.png,14752
depth/000594.png,14732
depth/000595.png,14796
depth/000596.png,15347
depth/000597.png,15758
depth/000598.png,16265
depth/000599.png,17121
depth/000600.png,17972
depth/000601.png,18107
depth/000602.png,18647
depth/000603.png,19641
depth/000604.png,19982
depth/000605.png,19946
depth/000606.png,20599
depth/000607.png,21257
depth/000608.png,21644
depth/000609.png,22237
depth/000610.png,22660
depth/000611.png,23147
depth/000612.png,23070
depth/000613.png,23543
depth/000614.png,23575
depth/000615.png,23403
depth/000616.png,23555
depth/000617.png,23648
depth/000618.png,23507
depth/000619.png,23278
depth/000620.png,23442
depth/000621.png,23235
depth/000622.png,23033
depth/000623.png,23235
depth/000624.png,23196
depth/000625.png,23222
depth/000626.png,23189
depth/000627.png,23312
depth/000628.png,22887
depth/000629.png,22814
depth/000630.png,22603
depth/000631.png,22624
depth/000632.png,22462
depth/000633.png,22369
depth/000634.png,22367
depth/000635.png,22323
depth/000636.png,22637
depth/000637.png,22701
depth/000638.png,22766
depth/000639.png,22716
depth/000640.png,22347
depth/000641.png,22541
depth/000642.png,22556
depth/000643.png,22917
depth/000644.png,22776
depth/000645.png,22778
depth/000646.png,22693
depth/000647.png,22271
depth/000648.png,22460
depth/000649.png,22319
depth/000650.png,22083
depth/000651.png,22258
depth/000652.png,21878
depth/000653.png,21880
depth/000654.png,21747
depth/000655.png,21184
depth/000656.png,21376
depth/000657.png,21089
depth/000658.png,21100
depth/000659.png,20895
depth/000660.png,21139
depth/000661.png,20806
depth/000662.png,20817
depth/000663.png,20530
depth/000664.png,20591
depth/000665.png,20324
depth/000666.png,20255
depth/000667.png,20485
depth/000668.png,20585
depth/000669.png,20571
depth/000670.png,20531
depth/000671.png,20531
depth/000672.png,20560
depth/000673.png,20684
depth/000674.png,20626
depth/000675.png,20490
depth/000676.png,20783
depth/000677.png,20908
depth/000678.png,20602
depth/000679.png,20595
depth/000680.png,20533
depth/000681.png,20840
depth/000682.png,20753
depth/000683.png,20609
depth/000684.png,20100
depth/000685.png,20405
depth/000686.png,20339
depth/000687.png,20174
depth/000688.png,20047
depth/000689.png,19498
depth/000690.png,19541
depth/000691.png,19435
depth/000692.png,19372
depth/000693.png,19043
depth/000694.png,18637
depth/000695.png,18865
depth/000696.png,18478
depth/000697.png,18104
depth/000698.png,18247
depth/000699.png,18163
depth/000700.png,17977
depth/000701.png,18098
depth/000702.png,17878
depth/000703.png,17490
depth/000704.png,17561
depth/000705.png,17524
depth/000706.png,17521
depth/000707.png,17629
depth/000708.png,17593
depth/000709.png,17728
depth/000710.png,17562
depth/000711.png,17626
depth/000712.png,17649
depth/000713.png,17915
depth/000714.png,17875
depth/000715.png,18149
depth/000716.png,18089
depth/000717.png,18089
depth/000718.png,18133
depth/000719.png,18240
depth/000720.png,18409
depth/000721.png,18461
depth/000722.png,18485
depth/000723.png,18833
depth/000724.png,18727
depth/000725.png,18897
depth/000726.png,18759
depth/000727.png,18693
depth/000728.png,18631
depth/000729.png,18956
depth/000730.png,18906
depth/000731.png,18940
depth/000732.png,18792
depth/000733.png,18648
depth/000734.png,18514
depth/000735.png,18384
depth/000736.png,18351
depth/000737.png,18432
depth/000738.png,18411
depth/000739.png,18365
depth/000740.png,18395
depth/000741.png,18298
depth/000742.png,18209
depth/000743.png,18213
depth/000744.png,18100
depth/000745.png,17907
depth/000746.png,18064
depth/000747.png,17988
depth/000748.png,17965
depth/000749.png,17843
depth/000750.png,17692
depth/000751.png,17643
depth/000752.png,17505
depth/000753.png,17858
depth/000754.png,17785
depth/000755.png,18007
depth/000756.png,17974
depth/000757.png,17868
depth/000758.png,17764
depth/000759.png,17731
depth/000760.png,17598
depth/000761.png,17570
depth/000762.png,17503
depth/000763.png,17526
depth/000764.png,17496
depth/000765.png,17471
depth/000766.png,17474
depth/000767.png,17303
depth/000768.png,17470
depth/000769.png,17655
depth/000770.png,17611
depth/000771.png,17493
depth/000772.png,17511
depth/000773.png,17645
depth/000774.png,17602
depth/000775.png,17574
depth/000776.png,17937
depth/000777.png,17937
depth/000778.png,17913
depth/000779.png,17968
depth/000780.png,17856
depth/000781.png,17880
depth/000782.png,18002
depth/000783.png,17957
depth/000784.png,17832
depth/000785.png,17880
depth/000786.png,17783
depth/000787.png,17832
depth/000788.png,17659
depth/000789.png,17762
depth/000790.png,17679
depth/000791.png,17635
depth/000792.png,17504
depth/000793.png,17369
depth/000794.png,17530
depth/000795.png,17492
depth/000796.png,17685
depth/000797.png,17631
depth/000798.png,17682
depth/000799.png,17909
depth/000800.png,17592
depth/000801.png,17984
depth/000802.png,17774
depth/000803.png,17979
depth/000804.png,18001
depth/000805.png,18248
depth/000806.png,18178
depth/000807.png,18273
depth/000808.png,17986
depth/000809.png,18120
depth/000810.png,18246
depth/000811.png,18438
depth/000812.png,18921
depth/000813.png,18972
depth/000814.png,18182
depth/000815.png,18479
depth/000816.png,18413
depth/000817.png,18994
depth/000818.png,18838
depth/000819.png,18986
depth/000820.png,19100
depth/000821.png,19129
depth/000822.png,19103
depth/000823.png,18922
depth/000824.png,19517
depth/000825.png,19493
depth/000826.png,20059
depth/000827.png,20030
depth/000828.png,20002
depth/000829.png,20661
depth/000830.png,20990
depth/000831.png,21496
depth/000832.png,20933
depth/000833.png,21708
depth/000834.png,21853
depth/000835.png,22115
depth/000836.png,22074
depth/000837.png,22148
depth/000838.png,22600
depth/000839.png,22497
depth/000840.png,23231
depth/000841.png,23000
depth/000842.png,23476
depth/000843.png,23772
depth/000844.png,23286
depth/000845.png,23723
depth/000846.png,24106
depth/000847.png,24293
depth/000848.png,24656
depth/000849.png,24722
depth/000850.png,25182
depth/000851.png,24874
depth/000852.png,25416
depth/000853.png,24831
depth/000854.png,24767
depth/000855.png,24845
depth/000856.png,25182
depth/000857.png,25723
depth/000858.png,25463
depth/000859.png,25375
depth/000860.png,25624
depth/000861.png,25761
depth/000862.png,25749
depth/000863.png,25999
depth/000864.png,25497
depth/000865.png,26031
depth/000866.png,26075
depth/000867.png,25594
depth/000868.png,25600
depth/000869.png,25939
depth/000870.png,26075
depth/000871.png,25891
depth/000872.png,26053
depth/000873.png,25874
depth/000874.png,26243
depth/000875.png,26649
depth/000876.png,26008
depth/000877.png,26291
depth/000878.png,26628
depth/000879.png,26763
depth/000880.png,26687
depth/000881.png,26960
depth/000882.png,26044
depth/000883.png,25700
depth/000884.png,26139
depth/000885.png,26453
depth/000886.png,26041
depth/000887.png,26585
depth/000888.png,26520
depth/000889.png,26197
depth/000890.png,25515
depth/000891.png,25625
depth/000892.png,25723
depth/000893.png,25489
depth/000894.png,24837
depth/000895.png,24555
depth/000896.png,24942
depth/000897.png,25185
depth/000898.png,24717
depth/000899.png,24230
depth/000900.png,25011
depth/000901.png,25395
depth/000902.png,25705
depth/000903.png,25138
depth/000904.png,24958
depth/000905.png,25267
depth/000906.png,25089
depth/000907.png,25360
depth/000908.png,25004
depth/000909.png,25499
depth/000910.png,25591
depth/000911.png,25363
depth/000912.png,25671
depth/000913.png,25821
depth/000914.png,25712
depth/000915.png,25877
depth/000916.png,25369
depth/000917.png,25790
depth/000918.png,25868
depth/000919.png,25627
depth/000920.png,25805
depth/000921.png,26188
depth/000922.png,25917
depth/000923.png,25552
depth/000924.png,25705
depth/000925.png,24454
depth/000926.png,25491
depth/000927.png,25016
depth/000928.png,25680
depth/000929.png,25183
depth/000930.png,25019
depth/000931.png,25430
depth/000932.png,25590
depth/000933.png,25830
depth/000934.png,24907
depth/000935.png,25994
depth/000936.png,26821
depth/000937.png,26286
depth/000938.png,26822
depth/000939.png,27250
depth/000940.png,27908
depth/000941.png,27293
depth/000942.png,27610
depth/000943.png,27402
depth/000944.png,26432
depth/000945.png,27490
depth/000946.png,26523
depth/000947.png,27485
depth/000948.png,26988
depth/000949.png,28213
depth/000950.png,28264
depth/000951.png,29137
depth/000952.png,29077
depth/000953.png,28842
depth/000954.png,27371
depth/000955.png,28792
depth/000956.png,27571
depth/000957.png,28063
depth/000958.png,27960
depth/000959.png,28807
depth/000960.png,28840
depth/000961.png,28714
depth/000962.png,28878
depth/000963.png,28890
depth/000964.png,28770
depth/000965.png,29925
depth/000966.png,29398
depth/000967.png,29524
depth/000968.png,28678
depth/000969.png,28103
depth/000970.png,28780
depth/000971.png,28693
depth/000972.png,26991
depth/000973.png,28186
depth/000974.png,26825
depth/000975.png,27832
depth/000976.png,28495
depth/000977.png,28357
depth/000978.png,28840
depth/000979.png,27753
depth/000980.png,29452
depth/000981.png,28627
depth/000982.png,26112
depth/000983.png,26934
depth/000984.png,25765
depth/000985.png,26679
depth/000986.png,26376
depth/000987.png,26842
depth/000988.png,27399
depth/000989.png,27226
depth/000990.png,28223
depth/000991.png,27440
depth/000992.png,27115
depth/000993.png,27835
depth/000994.png,28019
depth/000995.png,27905
depth/000996.png,27693
depth/000997.png,27695
depth/000998.png,28254
depth/000999.png,28231
depth/001000.png,28317
depth/001001.png,27420
depth/001002.png,28772
depth/001003.png,27693
depth/001004.png,27545
depth/001005.png,27954
depth/001006.png,27792
depth/001007.png,28081
depth/001008.png,27778
depth/001009.png,26485
depth/001010.png,27949
depth/001011.png,29054
depth/001012.png,29132
depth/001013.png,28368
depth/001014.png,29053
depth/001015.png,29126
depth/001016.png,29407
depth/001017.png,29494
depth/001018.png,29837
depth/001019.png,30165
depth/001020.png,29151
depth/001021.png,30217
depth/001022.png,29455
depth/001023.png,30110
depth/001024.png,30153
depth/001025.png,29393
depth/001026.png,29646
depth/001027.png,29697
depth/001028.png,29417
depth/001029.png,29152
depth/001030.png,28865
depth/001031.png,28387
depth/001032.png,28186
depth/001033.png,27880
depth/001034.png,27152
depth/001035.png,26799
depth/001036.png,27126
depth/001037.png,26707
depth/001038.png,25787
depth/001039.png,25591
depth/001040.png,24820
depth/001041.png,23564
depth/001042.png,22169
depth/001043.png,22433
depth/001044.png,22308
depth/001045.png,22579
depth/001046.png,21702
depth/001047.png,21538
depth/001048.png,20654
depth/001049.png,20775
depth/001050.png,19832
depth/001051.png,19771
depth/001052.png,19135
depth/001053.png,19079
depth/001054.png,18680
depth/001055.png,18638
depth/001056.png,18549
depth/001057.png,18424
depth/001058.png,18233
depth/001059.png,18680
depth/001060.png,18300
depth/001061.png,18348
depth/001062.png,17763
depth/001063.png,18069
depth/001064.png,17890
depth/001065.png,18457
depth/001066.png,18097
depth/001067.png,18147
depth/001068.png,18819
depth/001069.png,18957
depth/001070.png,18799
depth/001071.png,18607
depth/001072.png,18512
depth/001073.png,18678
depth/001074.png,20162
depth/001075.png,20205
depth/001076.png,19676
depth/001077.png,19897
depth/001078.png,19635
depth/001079.png,19097
depth/001080.png,19113
depth/001081.png,19469
depth/001082.png,19282
depth/001083.png,19484
depth/001084.png,20635
depth/001085.png,19786
depth/001086.png,19569
depth/001087.png,19846
depth/001088.png,19706
depth/001089.png,19967
depth/001090.png,19608
depth/001091.png,19490
depth/001092.png,19654
depth/001093.png,19639
depth/001094.png,19933
depth/001095.png,20284
depth/001096.png,20403
depth/001097.png,20516
depth/001098.png,20900
depth/001099.png,20551
depth/001100.png,21083
depth/001101.png,20965
depth/001102.png,21990
depth/001103.png,22145
depth/001104.png,22204
depth/001105.png,21754
depth/001106.png,21812
depth/001107.png,21918
depth/001108.png,21477
depth/001109.png,21376
depth/001110.png,21112
depth/001111.png,21379
depth/001112.png,21350
depth/001113.png,21897
depth/001114.png,21349
depth/001115.png,21135
depth/001116.png,21302
depth/001117.png,22071
depth/001118.png,21982
depth/001119.png,22129
depth/001120.png,22495
depth/001121.png,22642
depth/001122.png,22446
depth/001123.png,22547
depth/001124.png,22359
depth/001125.png,22896
depth/001126.png,22360
depth/001127.png,22373
depth/001128.png,21706
depth/001129.png,21876
depth/001130.png,21102
depth/001131.png,21169
depth/001132.png,20504
depth/001133.png,20167
depth/001134.png,19869
depth/001135.png,19634
depth/001136.png,18844
depth/001137.png,18611
depth/001138.png,17790
depth/001139.png,17897
depth/001140.png,17244
depth/001141.png,16764
depth/001142.png,15935
depth/001143.png,15642
depth/001144.png,15398
depth/001145.png,15585
depth/001146.png,15903
depth/001147.png,15211
depth/001148.png,14943
depth/001149.png,14369
depth/001150.png,13754
depth/001151.png,13794
depth/001152.png,14005
depth/001153.png,16001
depth/001154.png,15787
depth/001155.png,18577
depth/001156.png,18392
depth/001157.png,18382
depth/001158.png,17186
depth/001159.png,17982
depth/001160.png,17620
depth/001161.png,18404
depth/001162.png,19380
depth/001163.png,20163
depth/001164.png,21530
depth/001165.png,20162
depth/001166.png,21696
depth/001167.png,22004
depth/001168.png,21230
depth/001169.png,21639
depth/001170.png,20964
depth/001171.png,20280
depth/001172.png,19309
depth/001173.png,19680
depth/001174.png,18945
depth/001175.png,19612
depth/001176.png,18142
depth/001177.png,17359
depth/001178.png,15883
depth/001179.png,15350
depth/001180.png,15197
depth/001181.png,14800
depth/001182.png,15061
depth/001183.png,14219
depth/001184.png,14414
depth/001185.png,17555
depth/001186.png,19213
depth/001187.png,19978
depth/001188.png,19274
depth/001189.png,19397
depth/001190.png,21340
depth/001191.png,20852
depth/001192.png,21864
depth/001193.png,22688
depth/001194.png,28993
depth/001195.png,28382
depth/001196.png,28242
depth/001197.png,29907
depth/001198.png,30244
depth/001199.png,30629
depth/001200.png,29889
depth/001201.png,29322
depth/001202.png,29568
depth/001203.png,27503
depth/001204.png,27223
depth/001205.png,26843
depth/001206.png,26721
depth/001207.png,26448
depth/001208.png,26492
depth/001209.png,26645
depth/001210.png,26042
depth/001211.png,26072
depth/001212.png,26147
depth/001213.png,26321
depth/001214.png,25841
depth/001215.png,26122
depth/001216.png,25981
depth/001217.png,25904
depth/001218.png,25713
depth/001219.png,25680
depth/001220.png,25730
depth/001221.png,25844
depth/001222.png,25681
depth/001223.png,25537
depth/001224.png,25466
depth/001225.png,25342
depth/001226.png,24969
depth/001227.png,24853
depth/001228.png,25031
depth/001229.png,24611
depth/001230.png,24597
depth/001231.png,24618
depth/001232.png,24344
depth/001233.png,24217
depth/001234.png,24204
depth/001235.png,24340
depth/001236.png,24116
depth/001237.png,24067
depth/001238.png,24124
depth/001239.png,23851
depth/001240.png,23786
depth/001241.png,23671
depth/001242.png,23595
depth/001243.png,23491
depth/001244.png,23446
depth/001245.png,23639
depth/001246.png,23694
depth/001247.png,23880
depth/001248.png,23418
depth/001249.png,23454
depth/001250.png,23137
depth/001251.png,23148
depth/001252.png,22924
depth/001253.png,22718
depth/001254.png,22344
depth/001255.png,21886
depth/001256.png,21614
depth/001257.png,21300
depth/001258.png,21477
depth/001259.png,21402
depth/001260.png,21528
depth/001261.png,21598
depth/001262.png,21668
depth/001263.png,21728
depth/001264.png,21648
depth/001265.png,21859
depth/001266.png,21963
depth/001267.png,21332
depth/001268.png,21409
depth/001269.png,21513
depth/001270.png,21302
depth/001271.png,21298
depth/001272.png,21581
depth/001273.png,21766
depth/001274.png,21490
depth/001275.png,21740
depth/001276.png,21748
depth/001277.png,21616
depth/001278.png,21735
depth/001279.png,21638
depth/001280.png,21536
depth/001281.png,21444
depth/001282.png,21590
depth/001283.png,21682
depth/001284.png,21626
depth/001285.png,21636
depth/001286.png,21657
depth/001287.png,21388
depth/001288.png,20898
depth/001289.png,21155
depth/001290.png,20951
depth/001291.png,20901
depth/001292.png,20803
depth/001293.png,20553
depth/001294.png,20576
depth/001295.png,20476
depth/001296.png,20438
depth/001297.png,20268
depth/001298.png,19970
depth/001299.png,20014
depth/001300.png,19955
depth/001301.png,20654
depth/001302.png,19704
depth/001303.png,19792
depth/001304.png,19674
depth/001305.png,19300
depth/001306.png,19220
depth/001307.png,18975
depth/001308.png,18864
depth/001309.png,18775
depth/001310.png,18066
depth/001311.png,18156
depth/001312.png,18292
depth/001313.png,18045
depth/001314.png,17670
depth/001315.png,17394
depth/001316.png,16764
depth/001317.png,17398
depth/001318.png,17040
depth/001319.png,17091
depth/001320.png,16577
depth/001321.png,17050
depth/001322.png,16318
depth/001323.png,16313
depth/001324.png,15252
depth/001325.png,15078
depth/001326.png,15030
depth/001327.png,15151
depth/001328.png,15170
depth/001329.png,14873
depth/001330.png,15493
depth/001331.png,15362
depth/001332.png,15169
depth/001333.png,15348
depth/001334.png,15421
depth/001335.png,14977
depth/001336.png,15319
depth/001337.png,15129
depth/001338.png,14948
depth/001339.png,15280
depth/001340.png,15322
depth/001341.png,15045
depth/001342.png,14769
depth/001343.png,14849
depth/001344.png,14767
depth/001345.png,14483
depth/001346.png,14414
depth/001347.png,14020
depth/001348.png,14128
depth/001349.png,13668
depth/001350.png,13607
depth/001351.png,13725
depth/001352.png,13360
depth/001353.png,13169
depth/001354.png,13159
depth/001355.png,12979
depth/001356.png,12971
depth/001357.png,12788
depth/001358.png,12653
depth/001359.png,12418
depth/001360.png,12536
depth/001361.png,12750
depth/001362.png,12551
depth/001363.png,12540
depth/001364.png,12561
depth/001365.png,12486
depth/001366.png,12636
depth/001367.png,12823
depth/001368.png,12871
depth/001369.png,13308
depth/001370.png,13307
depth/001371.png,13692
depth/001372.png,14164
depth/001373.png,14195
depth/001374.png,14587
depth/001375.png,14656
depth/001376.png,15212
depth/001377.png,14947
depth/001378.png,15159
depth/001379.png,15299
depth/001380.png,15405
depth/001381.png,15509
depth/001382.png,15715
depth/001383.png,16422
depth/001384.png,16555
depth/001385.png,17029
depth/001386.png,17338
depth/001387.png,17351
depth/001388.png,17697
depth/001389.png,17237
depth/001390.png,17087
depth/001391.png,17139
depth/001392.png,16216
depth/001393.png,15876
depth/001394.png,15748
depth/001395.png,15156
depth/001396.png,14523
depth/001397.png,14730
depth/001398.png,14641
depth/001399.png,15578
depth/001400.png,15833
depth/001401.png,16204
depth/001402.png,17011
depth/001403.png,18685
depth/001404.png,19813
depth/001405.png,20666
depth/001406.png,20709
depth/001407.png,21873
depth/001408.png,22154
depth/001409.png,23855
depth/001410.png,24298
depth/001411.png,24309
depth/001412.png,24508
depth/001413.png,24705
depth/001414.png,24986
depth/001415.png,24704
depth/001416.png,24860
depth/001417.png,24944
depth/001418.png,24467
depth/001419.png,24621
depth/001420.png,24565
depth/001421.png,24589
depth/001422.png,25045
depth/001423.png,24611
depth/001424.png,24190
depth/001425.png,24135
depth/001426.png,23858
depth/001427.png,23903
depth/001428.png,24285
depth/001429.png,24021
depth/001430.png,24309
depth/001431.png,24152
depth/001432.png,23316
depth/001433.png,23339
depth/001434.png,23416
depth/001435.png,22742
depth/001436.png,22655
depth/001437.png,22542
depth/001438.png,22206
depth/001439.png,22025
depth/001440.png,21997
depth/001441.png,22309
depth/001442.png,22096
depth/001443.png,22282
depth/001444.png,22192
depth/001445.png,22598
depth/001446.png,22522
depth/001447.png,22625
depth/001448.png,23110
depth/001449.png,23081
depth/001450.png,23290
depth/001451.png,24206
depth/001452.png,24046
depth/001453.png,23788
depth/001454.png,23302
depth/001455.png,22742
depth/001456.png,22990
depth/001457.png,22439
depth/001458.png,22789
depth/001459.png,22553
depth/001460.png,22994
depth/001461.png,23424
depth/001462.png,23583
depth/001463.png,23281
depth/001464.png,24018
depth/001465.png,24259
depth/001466.png,24318
depth/001467.png,24668
depth/001468.png,24075
depth/001469.png,23975
depth/001470.png,24255
depth/001471.png,24143
depth/001472.png,24511
depth/001473.png,23980
depth/001474.png,23456
depth/001475.png,24135
depth/001476.png,23765
depth/001477.png,23926
depth/001478.png,23456
depth/001479.png,23646
depth/001480.png,23576
depth/001481.png,23517
depth/001482.png,23355
depth/001483.png,23266
depth/001484.png,23491
depth/001485.png,23520
depth/001486.png,23229
depth/001487.png,23370
depth/001488.png,23180
depth/001489.png,22995
depth/001490.png,23218
depth/001491.png,22903
depth/001492.png,22899
depth/001493.png,22926
depth/001494.png,22611
depth/001495.png,22469
depth/001496.png,22582
depth/001497.png,22064
depth/001498.png,21921
depth/001499.png,21957
depth/001500.png,21738
depth/001501.png,21730
depth/001502.png,21294
depth/001503.png,21330
depth/001504.png,21470
depth/001505.png,21299
depth/001506.png,21476
depth/001507.png,21147
depth/001508.png,21044
depth/001509.png,21086
depth/001510.png,21350
depth/001511.png,21696
depth/001512.png,21339
depth/001513.png,20898
depth/001514.png,21023
depth/001515.png,20700
depth/001516.png,21212
depth/001517.png,21114
depth/001518.png,21085
depth/001519.png,20895
depth/001520.png,20673
depth/001521.png,20870
depth/001522.png,20820
depth/001523.png,20868
depth/001524.png,20716
depth/001525.png,20539
depth/001526.png,20423
depth/001527.png,20268
depth/001528.png,20449
depth/001529.png,20086
depth/001530.png,20090
depth/001531.png,19570
depth/001532.png,19757
depth/001533.png,19707
depth/001534.png,19857
depth/001535.png,19507
depth/001536.png,19518
depth/001537.png,19371
depth/001538.png,19138
depth/001539.png,18672
depth/001540.png,18952
depth/001541.png,18550
depth/001542.png,18399
depth/001543.png,18355
depth/001544.png,18046
depth/001545.png,17817
depth/001546.png,17665
depth/001547.png,17854
depth/001548.png,17705
depth/001549.png,17455
depth/001550.png,17704
depth/001551.png,17990
depth/001552.png,17941
depth/001553.png,17797
depth/001554.png,17981
depth/001555.png,17841
depth/001556.png,17690
depth/001557.png,17569
depth/001558.png,17684
depth/001559.png,17715
depth/001560.png,17569
depth/001561.png,17310
depth/001562.png,17161
depth/001563.png,17147
depth/001564.png,17150
depth/001565.png,17142
depth/001566.png,17187
depth/001567.png,17506
depth/001568.png,17054
depth/001569.png,17358
depth/001570.png,17250
depth/001571.png,17184
depth/001572.png,17350
depth/001573.png,17184
depth/001574.png,17053
depth/001575.png,17253
depth/001576.png,17398
depth/001577.png,17506
depth/001578.png,17564
depth/001579.png,17367
depth/001580.png,17485
depth/001581.png,18148
depth/001582.png,18155
depth/001583.png,18225
depth/001584.png,18515
depth/001585.png,17581
depth/001586.png,17726
depth/001587.png,18140
depth/001588.png,18817
depth/001589.png,19050
depth/001590.png,19142
depth/001591.png,19545
depth/001592.png,20199
depth/001593.png,20412
depth/001594.png,20267
depth/001595.png,19984
depth/001596.png,19428
depth/001597.png,18893
depth/001598.png,18411
depth/001599.png,17952
depth/001600.png,17607
depth/001601.png,16963
depth/001602.png,16699
depth/001603.png,16282
depth/001604.png,15541
depth/001605.png,15678
depth/001606.png,15459
depth/001607.png,15675
depth/001608.png,15211
depth/001609.png,14476
depth/001610.png,13501
depth/001611.png,12445
depth/001612.png,12074
depth/001613.png,11806
depth/001614.png,11674
depth/001615.png,11469
depth/001616.png,11249
depth/001617.png,11080
depth/001618.png,10982
depth/001619.png,10569
depth/001620.png,10320
depth/001621.png,10190
depth/001622.png,9497
depth/001623.png,9082
depth/001624.png,8867
depth/001625.png,8701
depth/001626.png,9104
depth/001627.png,9478
depth/001628.png,10307
depth/001629.png,10155
depth/001630.png,10554
depth/001631.png,11013
depth/001632.png,11262
depth/001633.png,11688
depth/001634.png,12483
depth/001635.png,13033
depth/001636.png,13067
depth/001637.png,13521
depth/001638.png,14202
depth/001639.png,14711
depth/001640.png,15248
depth/001641.png,16342
depth/001642.png,15333
depth/001643.png,15850
depth/001644.png,15542
depth/001645.png,15750
depth/001646.png,16356
depth/001647.png,16237
depth/001648.png,16526
depth/001649.png,16816
depth/001650.png,17805
depth/001651.png,18611
depth/001652.png,19718
depth/001653.png,19579
depth/001654.png,19236
depth/001655.png,19246
depth/001656.png,19098
depth/001657.png,19011
depth/001658.png,19276
depth/001659.png,19726
depth/001660.png,19498
depth/001661.png,20329
depth/001662.png,20430
depth/001663.png,20289
depth/001664.png,20234
depth/001665.png,20249
depth/001666.png,20341
depth/001667.png,20427
depth/001668.png,20405
depth/001669.png,20067
depth/001670.png,20056
depth/001671.png,20304
depth/001672.png,20873
depth/001673.png,20818
depth/001674.png,20112
depth/001675.png,20080
depth/001676.png,19766
depth/001677.png,19529
depth/001678.png,19187
depth/001679.png,18625
depth/001680.png,18893
depth/001681.png,18618
depth/001682.png,18541
depth/001683.png,18381
depth/001684.png,17968
depth/001685.png,17755
depth/001686.png,17692
depth/001687.png,17685
depth/001688.png,17791
depth/001689.png,17994
depth/001690.png,18246
depth/001691.png,18319
depth/001692.png,18433
depth/001693.png,18466
depth/001694.png,17976
depth/001695.png,17960
depth/001696.png,18103
depth/001697.png,17860
depth/001698.png,18128
depth/001699.png,17873
depth/001700.png,17884
depth/001701.png,18036
depth/001702.png,18167
depth/001703.png,18305
depth/001704.png,17910
depth/001705.png,18116
depth/001706.png,18009
depth/001707.png,17753
depth/001708.png,17593
depth/001709.png,17739
depth/001710.png,17807
depth/001711.png,17717
depth/001712.png,17905
depth/001713.png,17834
depth/001714.png,17931
imu.csv,512501
odometry.csv,266631
rgb.mp4,43716638
