video_index,pts_s,odometry_frame,odometry_timestamp
0,0.000000,1,65575.614270041
1,0.016667,2,65575.630939333
2,0.066667,3,65575.680947291
3,0.100000,4,65575.714285833
4,0.116667,5,65575.730955166
5,0.150000,6,65575.764293625
6,0.166667,7,65575.780962958
7,0.183333,8,65575.797632250
8,0.216667,9,65575.830970750
9,0.233333,10,65575.847640083
10,0.266667,11,65575.880978708
11,0.283333,12,65575.897647833
12,0.300000,13,65575.914317250
13,0.333333,14,65575.947655833
14,0.350000,15,65575.964325166
15,0.383333,16,65575.997663625
16,0.400000,17,65576.014332958
17,0.416667,18,65576.031002291
18,0.450000,19,65576.064340791
19,0.466667,20,65576.081010125
20,0.500000,21,65576.114348791
21,0.516667,22,65576.131017958
22,0.533333,23,65576.147687250
23,0.566667,24,65576.181025958
24,0.583333,25,65576.197695041
25,0.616667,26,65576.231033750
26,0.633333,27,65576.247703083
27,0.650000,28,65576.264372333
28,0.683333,29,65576.297710875
29,0.700000,30,65576.314380166
30,0.733333,31,65576.347718666
31,0.750000,32,65576.364388041
32,0.766667,33,65576.381057333
33,0.800000,34,65576.414395791
34,0.816667,35,65576.431065208
35,0.833333,36,65576.447734500
36,0.866667,37,65576.481073166
37,0.883333,38,65576.497742291
38,0.900000,39,65576.514411666
39,0.933333,40,65576.547750250
40,0.950000,41,65576.564419625
41,0.983333,42,65576.597758125
42,1.000000,43,65576.614427458
43,1.016667,44,65576.631096833
44,1.050000,45,65576.664435333
45,1.066667,46,65576.681104625
46,1.083333,47,65576.697773875
47,1.116667,48,65576.731112458
48,1.133333,49,65576.747781750
49,1.150000,50,65576.764451041
50,1.166667,51,65576.781120416
51,1.200000,52,65576.814458916
52,1.216667,53,65576.831128208
53,1.233333,54,65576.847797541
54,1.266667,55,65576.881136083
55,1.283333,56,65576.897805416
56,1.300000,57,65576.914474791
57,1.316667,58,65576.931144041
58,1.333333,59,65576.947813291
59,1.350000,60,65576.964482541
60,1.383333,61,65576.997821208
61,1.400000,62,65577.014490416
62,1.416667,63,65577.031159750
63,1.433333,64,65577.047829041
64,1.450000,65,65577.064498416
65,1.466667,66,65577.081167750
66,1.500000,67,65577.114506250
67,1.516667,68,65577.131175583
68,1.533333,69,65577.147844916
69,1.550000,70,65577.164514083
70,1.566667,71,65577.181183416
71,1.600000,72,65577.214522041
72,1.616667,73,65577.231191416
73,1.633333,74,65577.247860583
74,1.650000,75,65577.264529916
75,1.683333,76,65577.297868541
76,1.700000,77,65577.314537666
77,1.716667,78,65577.331207041
78,1.750000,79,65577.364545750
79,1.766667,80,65577.381215041
80,1.783333,81,65577.397884208
81,1.816667,82,65577.431222916
82,1.833333,83,65577.447892208
83,1.850000,84,65577.464561375
84,1.883333,85,65577.497900083
85,1.900000,86,65577.514569375
86,1.916667,87,65577.531238708
87,1.950000,88,65577.564577208
88,1.966667,89,65577.581246583
89,1.983333,90,65577.597915875
90,2.016667,91,65577.631254416
91,2.033333,92,65577.647923708
92,2.050000,93,65577.664593083
93,2.083333,94,65577.697931541
94,2.100000,95,65577.714600875
95,2.116667,96,65577.731270250
96,2.150000,97,65577.764608708
97,2.166667,98,65577.781278083
98,2.183333,99,65577.797947333
99,2.216667,100,65577.831285833
100,2.233333,101,65577.847955166
101,2.250000,102,65577.864624541
102,2.283333,103,65577.897963208
103,2.300000,104,65577.914632333
104,2.316667,105,65577.931301750
105,2.350000,106,65577.964640333
106,2.366667,107,65577.981309666
107,2.383333,108,65577.997978833
108,2.416667,109,65578.031317458
109,2.433333,110,65578.047986833
110,2.450000,111,65578.064655958
111,2.466667,112,65578.081325333
112,2.500000,113,65578.114664041
113,2.516667,114,65578.131333208
114,2.533333,115,65578.148002500
115,2.566667,116,65578.181341166
116,2.583333,117,65578.198010541
117,2.600000,118,65578.214679625
118,2.633333,119,65578.248018375
119,2.650000,120,65578.264687708
120,2.666667,121,65578.281356875
121,2.700000,122,65578.314695500
122,2.716667,123,65578.331364791
123,2.733333,124,65578.348034166
124,2.766667,125,65578.381372625
125,2.783333,126,65578.398042000
126,2.800000,127,65578.414711291
127,2.816667,128,65578.431380458
128,2.850000,129,65578.464719125
129,2.866667,130,65578.481388500
130,2.883333,131,65578.498057833
131,2.916667,132,65578.531396250
132,2.933333,133,65578.548065625
133,2.950000,134,65578.564734958
134,2.983333,135,65578.598073458
135,3.000000,136,65578.614742708
136,3.016667,137,65578.631412125
137,3.050000,138,65578.664750583
138,3.066667,139,65578.681419958
139,3.083333,140,65578.698089291
140,3.116667,141,65578.731427708
141,3.133333,142,65578.748097041
142,3.150000,143,65578.764766333
143,3.166667,144,65578.781435750
144,3.200000,145,65578.814774250
145,3.216667,146,65578.831443500
146,3.233333,147,65578.848112875
147,3.250000,148,65578.864782166
148,3.283333,149,65578.898120708
149,3.300000,150,65578.914790000
150,3.316667,151,65578.931459375
151,3.333333,152,65578.948128666
152,3.366667,153,65578.981467166
153,3.383333,154,65578.998136500
154,3.400000,155,65579.014805833
155,3.433333,156,65579.048144291
156,3.450000,157,65579.064813583
157,3.466667,158,65579.081482958
158,3.500000,159,65579.114821458
159,3.516667,160,65579.131490791
160,3.533333,161,65579.148160083
161,3.566667,162,65579.181498625
162,3.583333,163,65579.198168000
163,3.600000,164,65579.214837250
164,3.633333,165,65579.248175708
165,3.650000,166,65579.264845083
166,3.683333,167,65579.298183708
167,3.700000,168,65579.314853041
168,3.716667,169,65579.331522208
169,3.750000,170,65579.364860875
170,3.766667,171,65579.381530208
171,3.783333,172,65579.398199541
172,3.816667,173,65579.431538000
173,3.833333,174,65579.448207333
174,3.850000,175,65579.464876708
175,3.883333,176,65579.498215125
176,3.900000,177,65579.514884500
177,3.933333,178,65579.548222958
178,3.950000,179,65579.564892250
179,3.966667,180,65579.581561583
180,4.000000,181,65579.614900291
181,4.016667,182,65579.631569375
182,4.033333,183,65579.648238750
183,4.066667,184,65579.681577375
184,4.083333,185,65579.698246541
185,4.100000,186,65579.714915833
186,4.133333,187,65579.748254541
187,4.150000,188,65579.764923833
188,4.183333,189,65579.798262333
189,4.200000,190,65579.814931666
190,4.216667,191,65579.831600958
191,4.233333,192,65579.848270166
192,4.266667,193,65579.881608833
193,4.283333,194,65579.898278083
194,4.300000,195,65579.914947416
195,4.333333,196,65579.948285916
196,4.350000,197,65579.964955208
197,4.366667,198,65579.981624541
198,4.400000,199,65580.014963000
199,4.416667,200,65580.031632375
200,4.433333,201,65580.048301666
201,4.466667,202,65580.081640208
202,4.483333,203,65580.098309500
203,4.500000,204,65580.114978791
204,4.516667,205,65580.131648125
205,4.550000,206,65580.164986583
206,4.566667,207,65580.181656000
207,4.583333,208,65580.198325250
208,4.600000,209,65580.214994500
209,4.633333,210,65580.248333083
210,4.650000,211,65580.265002375
211,4.666667,212,65580.281671666
212,4.683333,213,65580.298340875
213,4.716667,214,65580.331679500
214,4.733333,215,65580.348348833
215,4.750000,216,65580.365018208
216,4.766667,217,65580.381687291
217,4.783333,218,65580.398356666
218,4.816667,219,65580.431695250
219,4.833333,220,65580.448364458
220,4.850000,221,65580.465033750
221,4.866667,222,65580.481703125
222,4.883333,223,65580.498372333
223,4.916667,224,65580.531710875
224,4.933333,225,65580.548380250
225,4.950000,226,65580.565049583
226,4.966667,227,65580.581718875
227,5.000000,228,65580.615057291
228,5.016667,229,65580.631726666
229,5.033333,230,65580.648396000
230,5.050000,231,65580.665065125
231,5.083333,232,65580.698403750
232,5.100000,233,65580.715073083
233,5.116667,234,65580.731742416
234,5.133333,235,65580.748411583
235,5.166667,236,65580.781750208
236,5.183333,237,65580.798419541
237,5.200000,238,65580.815088833
238,5.216667,239,65580.831758000
239,5.233333,240,65580.848427333
240,5.266667,241,65580.881765958
241,5.283333,242,65580.898435125
242,5.300000,243,65580.915104416
243,5.316667,244,65580.931773750
244,5.350000,245,65580.965112208
245,5.366667,246,65580.981781541
246,5.383333,247,65580.998450833
247,5.416667,248,65581.031789541
248,5.433333,249,65581.048458666
249,5.450000,250,65581.065127916
250,5.466667,251,65581.081797250
251,5.500000,252,65581.115135791
252,5.516667,253,65581.131805041
253,5.533333,254,65581.148474375
254,5.550000,255,65581.165143666
255,5.583333,256,65581.198482250
256,5.600000,257,65581.215151500
257,5.616667,258,65581.231820833
258,5.633333,259,65581.248490208
259,5.666667,260,65581.281828625
260,5.683333,261,65581.298497958
261,5.700000,262,65581.315167250
262,5.733333,263,65581.348505750
263,5.750000,264,65581.365175041
264,5.766667,265,65581.381844375
265,5.783333,266,65581.398513666
266,5.816667,267,65581.431852166
267,5.833333,268,65581.448521500
268,5.850000,269,65581.465190791
269,5.883333,270,65581.498529291
270,5.900000,271,65581.515198583
271,5.916667,272,65581.531867916
272,5.933333,273,65581.548537208
273,5.966667,274,65581.581875625
274,5.983333,275,65581.598545000
275,6.000000,276,65581.615214291
276,6.016667,277,65581.631883666
277,6.050000,278,65581.665222125
278,6.066667,279,65581.681891458
279,6.083333,280,65581.698560750
280,6.100000,281,65581.715229875
281,6.133333,282,65581.748568500
282,6.150000,283,65581.765237791
283,6.166667,284,65581.781907125
284,6.200000,285,65581.815245625
285,6.216667,286,65581.831914958
286,6.233333,287,65581.848584208
287,6.250000,288,65581.865253416
288,6.283333,289,65581.898592000
289,6.300000,290,65581.915261291
290,6.316667,291,65581.931930583
291,6.333333,292,65581.948599791
292,6.366667,293,65581.981938458
293,6.383333,294,65581.998607750
294,6.400000,295,65582.015276916
295,6.433333,296,65582.048615458
296,6.450000,297,65582.065284833
297,6.466667,298,65582.081953958
298,6.500000,299,65582.115292625
299,6.516667,300,65582.131961916
300,6.533333,301,65582.148631250
301,6.550000,302,65582.165300375
302,6.583333,303,65582.198639041
303,6.600000,304,65582.215308333
304,6.616667,305,65582.231977583
305,6.650000,306,65582.265316125
306,6.666667,307,65582.281985458
307,6.700000,308,65582.315323875
308,6.716667,309,65582.331993208
309,6.733333,310,65582.348662500
310,6.766667,311,65582.382000958
311,6.783333,312,65582.398670333
312,6.800000,313,65582.415339583
313,6.833333,314,65582.448678250
314,6.850000,315,65582.465347333
315,6.883333,316,65582.498686000
316,6.900000,317,65582.515355333
317,6.916667,318,65582.532024458
318,6.933333,319,65582.548693750
319,6.950000,320,65582.565363083
320,6.983333,321,65582.598701708
321,7.000000,322,65582.615370750
322,7.016667,323,65582.632040166
323,7.050000,324,65582.665378791
324,7.066667,325,65582.682047916
325,7.083333,326,65582.698717250
326,7.116667,327,65582.732055875
327,7.133333,328,65582.748725166
328,7.150000,329,65582.765394291
329,7.183333,330,65582.798732916
330,7.200000,331,65582.815402208
331,7.233333,332,65582.848740708
332,7.250000,333,65582.865410041
333,7.266667,334,65582.882079291
334,7.283333,335,65582.898748666
335,7.316667,336,65582.932087166
336,7.333333,337,65582.948756416
337,7.350000,338,65582.965425750
338,7.383333,339,65582.998764125
339,7.400000,340,65583.015433500
340,7.416667,341,65583.032102833
341,7.433333,342,65583.048772083
342,7.466667,343,65583.082110541
343,7.483333,344,65583.098779916
344,7.500000,345,65583.115449166
345,7.516667,346,65583.132118375
346,7.550000,347,65583.165457000
347,7.566667,348,65583.182126291
348,7.583333,349,65583.198795583
349,7.600000,350,65583.215464708
350,7.633333,351,65583.248803333
351,7.650000,352,65583.265472583
352,7.666667,353,65583.282141750
353,7.683333,354,65583.298811083
354,7.700000,355,65583.315480416
355,7.733333,356,65583.348819041
356,7.750000,357,65583.365488166
357,7.766667,358,65583.382157500
358,7.783333,359,65583.398826791
359,7.800000,360,65583.415496125
360,7.833333,361,65583.448834541
361,7.850000,362,65583.465503833
362,7.866667,363,65583.482173166
363,7.883333,364,65583.498842291
364,7.900000,365,65583.515511583
365,7.933333,366,65583.548850250
366,7.950000,367,65583.565519500
367,7.966667,368,65583.582188708
368,7.983333,369,65583.598858000
369,8.000000,370,65583.615527208
370,8.033333,371,65583.648865916
371,8.050000,372,65583.665535083
372,8.066667,373,65583.682204333
373,8.083333,374,65583.698873708
374,8.100000,375,65583.715543000
375,8.133333,376,65583.748881458
376,8.150000,377,65583.765550708
377,8.166667,378,65583.782220000
378,8.183333,379,65583.798889166
379,8.200000,380,65583.815558500
380,8.233333,381,65583.848897125
381,8.250000,382,65583.865566416
382,8.266667,383,65583.882235541
383,8.283333,384,65583.898904875
384,8.316667,385,65583.932243500
385,8.333333,386,65583.948912625
386,8.350000,387,65583.965581958
387,8.366667,388,65583.982251208
388,8.400000,389,65584.015589875
389,8.416667,390,65584.032258958
390,8.433333,391,65584.048928291
391,8.450000,392,65584.065597541
392,8.483333,393,65584.098936041
393,8.500000,394,65584.115605333
394,8.516667,395,65584.132274625
395,8.533333,396,65584.148943916
396,8.566667,397,65584.182282416
397,8.583333,398,65584.198951708
398,8.600000,399,65584.215621000
399,8.616667,400,65584.232290333
400,8.650000,401,65584.265628750
401,8.666667,402,65584.282298041
402,8.683333,403,65584.298967333
403,8.716667,404,65584.332305791
404,8.733333,405,65584.348975083
405,8.750000,406,65584.365644416
406,8.766667,407,65584.382313708
407,8.783333,408,65584.398982875
408,8.816667,409,65584.432321500
409,8.833333,410,65584.448990791
410,8.850000,411,65584.465660125
411,8.866667,412,65584.482329166
412,8.900000,413,65584.515667791
413,8.916667,414,65584.532337125
414,8.933333,415,65584.549006291
415,8.950000,416,65584.565675541
416,8.983333,417,65584.599014166
417,9.000000,418,65584.615683500
418,9.016667,419,65584.632352625
419,9.033333,420,65584.649021916
420,9.050000,421,65584.665691250
421,9.083333,422,65584.699029666
422,9.100000,423,65584.715698958
423,9.116667,424,65584.732368291
424,9.133333,425,65584.749037541
425,9.150000,426,65584.765706833
426,9.166667,427,65584.782375958
427,9.200000,428,65584.815714625
428,9.216667,429,65584.832383916
429,9.233333,430,65584.849053083
430,9.250000,431,65584.865722375
431,9.266667,432,65584.882391666
432,9.300000,433,65584.915730041
433,9.316667,434,65584.932399375
434,9.333333,435,65584.949068708
435,9.350000,436,65584.965738000
436,9.366667,437,65584.982407250
437,9.400000,438,65585.015745750
438,9.416667,439,65585.032415041
439,9.433333,440,65585.049084333
440,9.450000,441,65585.065753583
441,9.483333,442,65585.099092125
442,9.500000,443,65585.115761375
443,9.516667,444,65585.132430666
444,9.533333,445,65585.149099791
445,9.550000,446,65585.165769125
446,9.583333,447,65585.199107708
447,9.600000,448,65585.215776833
448,9.616667,449,65585.232446166
449,9.633333,450,65585.249115416
450,9.650000,451,65585.265784708
451,9.666667,452,65585.282454041
452,9.700000,453,65585.315792458
453,9.716667,454,65585.332461791
454,9.733333,455,65585.349131083
455,9.750000,456,65585.365800166
456,9.766667,457,65585.382469541
457,9.800000,458,65585.415808083
458,9.816667,459,65585.432477416
459,9.833333,460,65585.449146541
460,9.850000,461,65585.465815875
461,9.883333,462,65585.499154500
462,9.900000,463,65585.515823541
463,9.916667,464,65585.532492916
464,9.933333,465,65585.549162166
465,9.966667,466,65585.582500791
466,9.983333,467,65585.599169916
467,10.000000,468,65585.615839250
468,10.016667,469,65585.632508500
469,10.050000,470,65585.665846875
470,10.066667,471,65585.682516208
471,10.083333,472,65585.699185500
472,10.100000,473,65585.715854833
473,10.133333,474,65585.749193250
474,10.150000,475,65585.765862541
475,10.166667,476,65585.782531791
476,10.183333,477,65585.799201166
477,10.216667,478,65585.832539541
478,10.233333,479,65585.849208833
479,10.250000,480,65585.865878125
480,10.266667,481,65585.882547458
481,10.300000,482,65585.915885916
482,10.316667,483,65585.932555166
483,10.333333,484,65585.949224458
484,10.350000,485,65585.965893625
485,10.383333,486,65585.999232166
486,10.400000,487,65586.015901458
487,10.416667,488,65586.032570791
488,10.450000,489,65586.065909166
489,10.466667,490,65586.082578541
490,10.483333,491,65586.099247833
491,10.500000,492,65586.115916916
492,10.533333,493,65586.149255583
493,10.550000,494,65586.165924791
494,10.566667,495,65586.182594125
495,10.600000,496,65586.215932541
496,10.616667,497,65586.232601875
497,10.633333,498,65586.249271125
498,10.650000,499,65586.265940291
499,10.683333,500,65586.299278833
500,10.700000,501,65586.315948125
501,10.716667,502,65586.332617291
502,10.733333,503,65586.349286541
503,10.766667,504,65586.382625208
504,10.783333,505,65586.399294458
505,10.800000,506,65586.415963583
506,10.833333,507,65586.449302125
507,10.850000,508,65586.465971500
508,10.866667,509,65586.482640791
509,10.883333,510,65586.499309833
510,10.916667,511,65586.532648500
511,10.933333,512,65586.549317750
512,10.950000,513,65586.565986916
513,10.983333,514,65586.599325416
514,11.000000,515,65586.615994750
515,11.016667,516,65586.632663875
516,11.050000,517,65586.666002458
517,11.066667,518,65586.682671750
518,11.083333,519,65586.699341083
519,11.116667,520,65586.732679500
520,11.133333,521,65586.749348708
521,11.166667,522,65586.782687208
522,11.183333,523,65586.799356500
523,11.200000,524,65586.816025791
524,11.233333,525,65586.849364375
525,11.250000,526,65586.866033500
526,11.266667,527,65586.882702791
527,11.300000,528,65586.916041375
528,11.316667,529,65586.932710500
529,11.333333,530,65586.949379791
530,11.366667,531,65586.982718333
531,11.383333,532,65586.999387625
532,11.416667,533,65587.032726083
533,11.433333,534,65587.049395375
534,11.450000,535,65587.066064666
535,11.483333,536,65587.099403083
536,11.500000,537,65587.116072333
537,11.516667,538,65587.132741666
538,11.550000,539,65587.166080083
539,11.566667,540,65587.182749333
540,11.600000,541,65587.216087958
541,11.616667,542,65587.232757083
542,11.633333,543,65587.249426375
543,11.666667,544,65587.282764958
544,11.683333,545,65587.299434250
545,11.700000,546,65587.316103333
546,11.733333,547,65587.349441916
547,11.750000,548,65587.366111166
548,11.766667,549,65587.382780333
549,11.800000,550,65587.416118916
550,11.816667,551,65587.432788166
551,11.850000,552,65587.466126625
552,11.866667,553,65587.482795916
553,11.883333,554,65587.499465166
554,11.916667,555,65587.532803625
555,11.933333,556,65587.549472875
556,11.950000,557,65587.566142166
557,11.966667,558,65587.582811500
558,12.000000,559,65587.616149833
559,12.016667,560,65587.632819208
560,12.033333,561,65587.649488416
561,12.066667,562,65587.682826875
562,12.083333,563,65587.699496125
563,12.100000,564,65587.716165416
564,12.116667,565,65587.732834666
565,12.133333,566,65587.749503833
566,12.166667,567,65587.782842458
567,12.183333,568,65587.799511708
568,12.200000,569,65587.816180958
569,12.216667,570,65587.832850041
570,12.233333,571,65587.849519416
571,12.250000,572,65587.866188666
572,12.283333,573,65587.899527208
573,12.300000,574,65587.916196375
574,12.316667,575,65587.932865625
575,12.333333,576,65587.949534958
576,12.350000,577,65587.966204250
577,12.366667,578,65587.982873333
578,12.400000,579,65588.016211958
579,12.416667,580,65588.032881166
580,12.433333,581,65588.049550250
581,12.450000,582,65588.066219625
582,12.466667,583,65588.082888875
583,12.500000,584,65588.116227458
584,12.516667,585,65588.132896541
585,12.533333,586,65588.149565916
586,12.566667,587,65588.182904416
587,12.583333,588,65588.199573583
588,12.600000,589,65588.216242875
589,12.633333,590,65588.249581416
590,12.650000,591,65588.266250666
591,12.666667,592,65588.282919791
592,12.700000,593,65588.316258416
593,12.716667,594,65588.332927666
594,12.733333,595,65588.349596750
595,12.766667,596,65588.382935375
596,12.783333,597,65588.399604625
597,12.800000,598,65588.416273958
598,12.833333,599,65588.449612375
599,12.850000,600,65588.466281625
600,12.866667,601,65588.482950916
601,12.883333,602,65588.499620041
602,12.916667,603,65588.532958583
603,12.933333,604,65588.549627916
604,12.950000,605,65588.566297125
605,12.983333,606,65588.599635541
606,13.000000,607,65588.616304833
607,13.016667,608,65588.632974125
608,13.033333,609,65588.649643291
609,13.066667,610,65588.682981833
610,13.083333,611,65588.699651125
611,13.100000,612,65588.716320375
612,13.133333,613,65588.749658833
613,13.150000,614,65588.766328000
614,13.166667,615,65588.782997333
615,13.183333,616,65588.799666416
616,13.216667,617,65588.833005000
617,13.233333,618,65588.849674333
618,13.250000,619,65588.866343583
619,13.283333,620,65588.899682041
620,13.300000,621,65588.916351250
621,13.316667,622,65588.933020541
622,13.333333,623,65588.949689666
623,13.366667,624,65588.983028208
624,13.383333,625,65588.999697500
625,13.400000,626,65589.016366833
626,13.433333,627,65589.049705125
627,13.450000,628,65589.066374500
628,13.466667,629,65589.083043750
629,13.500000,630,65589.116382166
630,13.516667,631,65589.133051458
631,13.533333,632,65589.149720666
632,13.550000,633,65589.166389791
633,13.583333,634,65589.199728333
634,13.600000,635,65589.216397625
635,13.616667,636,65589.233066958
636,13.650000,637,65589.266405333
637,13.666667,638,65589.283074666
638,13.683333,639,65589.299743875
639,13.716667,640,65589.333082291
640,13.733333,641,65589.349751583
641,13.750000,642,65589.366420833
642,13.783333,643,65589.399759250
643,13.800000,644,65589.416428541
644,13.816667,645,65589.433097791
645,13.833333,646,65589.449767041
646,13.866667,647,65589.483105500
647,13.883333,648,65589.499774750
648,13.900000,649,65589.516444041
649,13.933333,650,65589.549782458
650,13.950000,651,65589.566451708
651,13.966667,652,65589.583120958
652,14.000000,653,65589.616459333
653,14.016667,654,65589.633128666
654,14.033333,655,65589.649797916
655,14.066667,656,65589.683136458
656,14.083333,657,65589.699805583
657,14.100000,658,65589.716474875
658,14.133333,659,65589.749813458
659,14.150000,660,65589.766482541
660,14.166667,661,65589.783151833
661,14.183333,662,65589.799821041
662,14.216667,663,65589.833159625
663,14.233333,664,65589.849828791
664,14.250000,665,65589.866498000
665,14.266667,666,65589.883167291
666,14.300000,667,65589.916505666
667,14.316667,668,65589.933174958
668,14.333333,669,65589.949844250
669,14.366667,670,65589.983182791
670,14.383333,671,65589.999851916
671,14.400000,672,65590.016521208
672,14.416667,673,65590.033190375
673,14.450000,674,65590.066528833
674,14.466667,675,65590.083198083
675,14.483333,676,65590.099867416
676,14.516667,677,65590.133205958
677,14.533333,678,65590.149875041
678,14.550000,679,65590.166544333
679,14.566667,680,65590.183213583
680,14.600000,681,65590.216552000
681,14.616667,682,65590.233221291
682,14.633333,683,65590.249890541
683,14.666667,684,65590.283229125
684,14.683333,685,65590.299898166
685,14.700000,686,65590.316567458
686,14.716667,687,65590.333236666
687,14.750000,688,65590.366575125
688,14.766667,689,65590.383244375
689,14.783333,690,65590.399913625
690,14.816667,691,65590.433252166
691,14.833333,692,65590.449921333
692,14.850000,693,65590.466590625
693,14.883333,694,65590.499929125
694,14.900000,695,65590.516598250
695,14.916667,696,65590.533267500
696,14.933333,697,65590.549936750
697,14.966667,698,65590.583275208
698,14.983333,699,65590.599944458
699,15.000000,700,65590.616613708
700,15.016667,701,65590.633282958
701,15.050000,702,65590.666621333
702,15.066667,703,65590.683290625
703,15.083333,704,65590.699959916
704,15.116667,705,65590.733298458
705,15.133333,706,65590.749967583
706,15.150000,707,65590.766636875
707,15.166667,708,65590.783306083
708,15.200000,709,65590.816644500
709,15.216667,710,65590.833313750
710,15.233333,711,65590.849983000
711,15.266667,712,65590.883321416
712,15.283333,713,65590.899990708
713,15.300000,714,65590.916659958
714,15.333333,715,65590.949998458
715,15.350000,716,65590.966667625
716,15.366667,717,65590.983336875
717,15.400000,718,65591.016675416
718,15.416667,719,65591.033344458
719,15.450000,720,65591.066683083
720,15.466667,721,65591.083352375
721,15.483333,722,65591.100021625
722,15.516667,723,65591.133360000
723,15.533333,724,65591.150029250
724,15.550000,725,65591.166698500
725,15.583333,726,65591.200036916
726,15.600000,727,65591.216706166
727,15.633333,728,65591.250044666
728,15.650000,729,65591.266713750
729,15.683333,730,65591.300052333
730,15.700000,731,65591.316721541
731,15.716667,732,65591.333390666
732,15.733333,733,65591.350060041
733,15.766667,734,65591.383398500
734,15.783333,735,65591.400067708
735,15.800000,736,65591.416736916
736,15.816667,737,65591.433406208
737,15.850000,738,65591.466744750
738,15.866667,739,65591.483413791
739,15.883333,740,65591.500083083
740,15.900000,741,65591.516752375
741,15.933333,742,65591.550090916
742,15.950000,743,65591.566760000
743,15.966667,744,65591.583429291
744,16.000000,745,65591.616767791
745,16.016667,746,65591.633436875
746,16.033333,747,65591.650106166
747,16.066667,748,65591.683444708
748,16.083333,749,65591.700114000
749,16.116667,750,65591.733452375
750,16.133333,751,65591.750121583
751,16.150000,752,65591.766790833
752,16.183333,753,65591.800129208
753,16.200000,754,65591.816798500
754,16.233333,755,65591.850137041
755,16.250000,756,65591.866806125
756,16.266667,757,65591.883475375
757,16.300000,758,65591.916813958
758,16.316667,759,65591.933483083
759,16.333333,760,65591.950152291
760,16.366667,761,65591.983490875
761,16.383333,762,65592.000159958
762,16.400000,763,65592.016829166
763,16.433333,764,65592.050167708
764,16.450000,765,65592.066837000
765,16.466667,766,65592.083506125
766,16.500000,767,65592.116844625
767,16.516667,768,65592.133513916
768,16.533333,769,65592.150183166
769,16.566667,770,65592.183521500
770,16.583333,771,65592.200190833
771,16.600000,772,65592.216860083
772,16.633333,773,65592.250198375
773,16.650000,774,65592.266867666
774,16.666667,775,65592.283537000
775,16.700000,776,65592.316875333
776,16.716667,777,65592.333544625
777,16.733333,778,65592.350213875
778,16.766667,779,65592.383552208
779,16.783333,780,65592.400221458
780,16.800000,781,65592.416890666
781,16.833333,782,65592.450229125
782,16.850000,783,65592.466898375
783,16.866667,784,65592.483567583
784,16.900000,785,65592.516906166
785,16.916667,786,65592.533575291
786,16.933333,787,65592.550244500
787,16.966667,788,65592.583583000
788,16.983333,789,65592.600252125
789,17.016667,790,65592.633590708
790,17.033333,791,65592.650259958
791,17.050000,792,65592.666929208
792,17.083333,793,65592.700267583
793,17.100000,794,65592.716936833
794,17.116667,795,65592.733606125
795,17.150000,796,65592.766944500
796,17.166667,797,65592.783613750
797,17.200000,798,65592.816952250
798,17.216667,799,65592.833621333
799,17.233333,800,65592.850290625
800,17.266667,801,65592.883629166
801,17.283333,802,65592.900298208
802,17.300000,803,65592.916967500
803,17.333333,804,65592.950306000
804,17.350000,805,65592.966975250
805,17.383333,806,65593.000313625
806,17.400000,807,65593.016982916
807,17.416667,808,65593.033652125
808,17.450000,809,65593.066990500
809,17.466667,810,65593.083659791
810,17.483333,811,65593.100329041
811,17.516667,812,65593.133667416
812,17.533333,813,65593.150336625
813,17.550000,814,65593.167005916
814,17.583333,815,65593.200344250
815,17.600000,816,65593.217013541
816,17.616667,817,65593.233682791
817,17.650000,818,65593.267021333
818,17.666667,819,65593.283690416
819,17.683333,820,65593.300359666
820,17.716667,821,65593.333698208
821,17.733333,822,65593.350367291
822,17.750000,823,65593.367036500
823,17.766667,824,65593.383705791
824,17.800000,825,65593.417044166
825,17.816667,826,65593.433713375
826,17.833333,827,65593.450382625
827,17.850000,828,65593.467051958
828,17.883333,829,65593.500390291
829,17.900000,830,65593.517059500
830,17.916667,831,65593.533728791
831,17.933333,832,65593.550398041
832,17.966667,833,65593.583736458
833,17.983333,834,65593.600405666
834,18.000000,835,65593.617074958
835,18.016667,836,65593.633744166
836,18.050000,837,65593.667082500
837,18.066667,838,65593.683751791
838,18.083333,839,65593.700421083
839,18.100000,840,65593.717090125
840,18.116667,841,65593.733759416
841,18.150000,842,65593.767097916
842,18.166667,843,65593.783767208
843,18.183333,844,65593.800436291
844,18.200000,845,65593.817105541
845,18.233333,846,65593.850444000
846,18.250000,847,65593.867113166
847,18.266667,848,65593.883782416
848,18.283333,849,65593.900451625
849,18.300000,850,65593.917120958
850,18.333333,851,65593.950459333
851,18.350000,852,65593.967128541
852,18.366667,853,65593.983797750
853,18.383333,854,65594.000467041
854,18.400000,855,65594.017136125
855,18.433333,856,65594.050474666
856,18.450000,857,65594.067143916
857,18.466667,858,65594.083813166
858,18.483333,859,65594.100482250
859,18.500000,860,65594.117151541
860,18.516667,861,65594.133820750
861,18.550000,862,65594.167159083
862,18.566667,863,65594.183828416
863,18.583333,864,65594.200497625
864,18.600000,865,65594.217166875
865,18.616667,866,65594.233836166
866,18.633333,867,65594.250505250
867,18.666667,868,65594.283843708
868,18.683333,869,65594.300513041
869,18.700000,870,65594.317182083
870,18.716667,871,65594.333851333
871,18.733333,872,65594.350520583
872,18.750000,873,65594.367189875
873,18.766667,874,65594.383859125
874,18.800000,875,65594.417197458
875,18.816667,876,65594.433866708
876,18.833333,877,65594.450536000
877,18.850000,878,65594.467205041
878,18.866667,879,65594.483874250
879,18.883333,880,65594.500543583
880,18.900000,881,65594.517212833
881,18.933333,882,65594.550551166
882,18.950000,883,65594.567220458
883,18.966667,884,65594.583889666
884,18.983333,885,65594.600558958
885,19.000000,886,65594.617228041
886,19.033333,887,65594.650566500
887,19.050000,888,65594.667235750
888,19.066667,889,65594.683905083
889,19.083333,890,65594.700574125
890,19.100000,891,65594.717243375
891,19.116667,892,65594.733912625
892,19.150000,893,65594.767250958
893,19.166667,894,65594.783920166
894,19.183333,895,65594.800589500
895,19.200000,896,65594.817258750
896,19.216667,897,65594.833927833
897,19.250000,898,65594.867266250
898,19.266667,899,65594.883935625
899,19.283333,900,65594.900604833
900,19.300000,901,65594.917273875
901,19.316667,902,65594.933943208
902,19.350000,903,65594.967281666
903,19.366667,904,65594.983950916
904,19.383333,905,65595.000620041
905,19.400000,906,65595.017289291
906,19.416667,907,65595.033958541
907,19.450000,908,65595.067296916
908,19.466667,909,65595.083966125
909,19.483333,910,65595.100635375
910,19.500000,911,65595.117304666
911,19.516667,912,65595.133973708
912,19.533333,913,65595.150642916
913,19.566667,914,65595.183981500
914,19.583333,915,65595.200650708
915,19.600000,916,65595.217319708
916,19.616667,917,65595.233989041
917,19.633333,918,65595.250658291
918,19.666667,919,65595.283996666
919,19.683333,920,65595.300665916
920,19.700000,921,65595.317335166
921,19.716667,922,65595.334004416
922,19.733333,923,65595.350673708
923,19.766667,924,65595.384012000
924,19.783333,925,65595.400681250
925,19.800000,926,65595.417350541
926,19.816667,927,65595.434019583
927,19.833333,928,65595.450688833
928,19.866667,929,65595.484027375
929,19.883333,930,65595.500696583
930,19.900000,931,65595.517365666
931,19.916667,932,65595.534034958
932,19.950000,933,65595.567373416
933,19.966667,934,65595.584042541
934,19.983333,935,65595.600711708
935,20.000000,936,65595.617381041
936,20.033333,937,65595.650719541
937,20.050000,938,65595.667388625
938,20.066667,939,65595.684057791
939,20.083333,940,65595.700727083
940,20.116667,941,65595.734065375
941,20.133333,942,65595.750734625
942,20.150000,943,65595.767403958
943,20.166667,944,65595.784073208
944,20.200000,945,65595.817411500
945,20.216667,946,65595.834080750
946,20.233333,947,65595.850750041
947,20.250000,948,65595.867419333
948,20.283333,949,65595.900757583
949,20.300000,950,65595.917426875
950,20.316667,951,65595.934096083
951,20.333333,952,65595.950765333
952,20.350000,953,65595.967434458
953,20.383333,954,65596.000772958
954,20.400000,955,65596.017442208
955,20.416667,956,65596.034111208
956,20.433333,957,65596.050780541
957,20.450000,958,65596.067449750
958,20.483333,959,65596.100788250
959,20.500000,960,65596.117457333
960,20.516667,961,65596.134126541
961,20.533333,962,65596.150795833
962,20.566667,963,65596.184134208
963,20.583333,964,65596.200803458
964,20.600000,965,65596.217472666
965,20.616667,966,65596.234141958
966,20.633333,967,65596.250811041
967,20.666667,968,65596.284149500
968,20.683333,969,65596.300818791
969,20.700000,970,65596.317488000
970,20.716667,971,65596.334157125
971,20.750000,972,65596.367495583
972,20.766667,973,65596.384164833
973,20.783333,974,65596.400834041
974,20.800000,975,65596.417503166
975,20.816667,976,65596.434172375
976,20.850000,977,65596.467510916
977,20.866667,978,65596.484179958
978,20.883333,979,65596.500849208
979,20.900000,980,65596.517518458
980,20.916667,981,65596.534187708
981,20.950000,982,65596.567526041
982,20.966667,983,65596.584195208
983,20.983333,984,65596.600864541
984,21.000000,985,65596.617533791
985,21.016667,986,65596.634202916
986,21.050000,987,65596.667541375
987,21.066667,988,65596.684210625
988,21.083333,989,65596.700879708
989,21.100000,990,65596.717548916
990,21.116667,991,65596.734218125
991,21.150000,992,65596.767556708
992,21.166667,993,65596.784225750
993,21.183333,994,65596.800895000
994,21.200000,995,65596.817564250
995,21.216667,996,65596.834233500
996,21.233333,997,65596.850902541
997,21.266667,998,65596.884241083
998,21.283333,999,65596.900910291
999,21.300000,1000,65596.917579500
1000,21.316667,1001,65596.934248625
1001,21.333333,1002,65596.950917875
1002,21.366667,1003,65596.984256416
1003,21.383333,1004,65597.000925458
1004,21.400000,1005,65597.017594666
1005,21.416667,1006,65597.034263958
1006,21.433333,1007,65597.050933166
1007,21.450000,1008,65597.067602333
1008,21.483333,1009,65597.100940750
1009,21.500000,1010,65597.117609958
1010,21.516667,1011,65597.134279166
1011,21.533333,1012,65597.150948291
1012,21.550000,1013,65597.167617583
1013,21.566667,1014,65597.184286791
1014,21.600000,1015,65597.217625208
1015,21.616667,1016,65597.234294333
1016,21.633333,1017,65597.250963583
1017,21.650000,1018,65597.267632875
1018,21.666667,1019,65597.284302083
1019,21.683333,1020,65597.300971166
1020,21.700000,1021,65597.317640458
1021,21.733333,1022,65597.350978916
1022,21.750000,1023,65597.367648166
1023,21.766667,1024,65597.384317166
1024,21.783333,1025,65597.400986500
1025,21.800000,1026,65597.417655708
1026,21.816667,1027,65597.434324875
1027,21.833333,1028,65597.450993958
1028,21.850000,1029,65597.467663166
1029,21.883333,1030,65597.501001750
1030,21.900000,1031,65597.517671000
1031,21.916667,1032,65597.534340041
1032,21.933333,1033,65597.551009333
1033,21.950000,1034,65597.567678583
1034,21.966667,1035,65597.584347750
1035,21.983333,1036,65597.601016875
1036,22.016667,1037,65597.634355375
1037,22.033333,1038,65597.651024583
1038,22.050000,1039,65597.667693666
1039,22.066667,1040,65597.684362916
1040,22.083333,1041,65597.701032208
1041,22.116667,1042,65597.734370583
1042,22.133333,1043,65597.751039708
1043,22.150000,1044,65597.767709000
1044,22.166667,1045,65597.784378250
1045,22.200000,1046,65597.817716666
1046,22.216667,1047,65597.834385791
1047,22.233333,1048,65597.851055041
1048,22.250000,1049,65597.867724250
1049,22.283333,1050,65597.901062541
1050,22.300000,1051,65597.917731833
1051,22.316667,1052,65597.934401041
1052,22.350000,1053,65597.967739375
1053,22.366667,1054,65597.984408666
1054,22.383333,1055,65598.001077833
1055,22.416667,1056,65598.034416333
1056,22.433333,1057,65598.051085416
1057,22.450000,1058,65598.067754666
1058,22.466667,1059,65598.084423916
1059,22.500000,1060,65598.117762250
1060,22.516667,1061,65598.134431500
1061,22.533333,1062,65598.151100666
1062,22.566667,1063,65598.184439208
1063,22.583333,1064,65598.201108208
1064,22.600000,1065,65598.217777541
1065,22.633333,1066,65598.251115916
1066,22.650000,1067,65598.267785000
1067,22.683333,1068,65598.301123541
1068,22.700000,1069,65598.317792791
1069,22.716667,1070,65598.334462041
1070,22.750000,1071,65598.367800333
1071,22.766667,1072,65598.384469500
1072,22.783333,1073,65598.401138833
1073,22.816667,1074,65598.434477083
1074,22.833333,1075,65598.451146375
1075,22.866667,1076,65598.484484833
1076,22.883333,1077,65598.501153875
1077,22.900000,1078,65598.517823166
1078,22.933333,1079,65598.551161583
1079,22.950000,1080,65598.567830708
1080,22.983333,1081,65598.601169166
1081,23.000000,1082,65598.617838333
1082,23.016667,1083,65598.634507625
1083,23.050000,1084,65598.667845916
1084,23.066667,1085,65598.684515166
1085,23.100000,1086,65598.717853500
1086,23.116667,1087,65598.734522666
1087,23.133333,1088,65598.751191958
1088,23.166667,1089,65598.784530458
1089,23.183333,1090,65598.801199541
1090,23.200000,1091,65598.817868708
1091,23.233333,1092,65598.851207250
1092,23.250000,1093,65598.867876291
1093,23.266667,1094,65598.884545541
1094,23.300000,1095,65598.917884000
1095,23.316667,1096,65598.934553291
1096,23.350000,1097,65598.967891541
1097,23.366667,1098,65598.984560833
1098,23.383333,1099,65599.001230125
1099,23.416667,1100,65599.034568291
1100,23.433333,1101,65599.051237625
1101,23.466667,1102,65599.084575916
1102,23.483333,1103,65599.101245125
1103,23.500000,1104,65599.117914333
1104,23.533333,1105,65599.151252791
1105,23.550000,1106,65599.167921916
1106,23.566667,1107,65599.184591125
1107,23.600000,1108,65599.217929541
1108,23.616667,1109,65599.234598708
1109,23.633333,1110,65599.251267916
1110,23.666667,1111,65599.284606416
1111,23.683333,1112,65599.301275583
1112,23.700000,1113,65599.317944750
1113,23.733333,1114,65599.351283125
1114,23.750000,1115,65599.367952416
1115,23.766667,1116,65599.384621500
1116,23.800000,1117,65599.417959958
1117,23.816667,1118,65599.434629208
1118,23.833333,1119,65599.451298458
1119,23.850000,1120,65599.467967541
1120,23.883333,1121,65599.501305958
1121,23.900000,1122,65599.517975250
1122,23.916667,1123,65599.534644208
1123,23.950000,1124,65599.567982708
1124,23.966667,1125,65599.584652000
1125,23.983333,1126,65599.601321250
1126,24.016667,1127,65599.634659541
1127,24.033333,1128,65599.651328791
1128,24.050000,1129,65599.667997916
1129,24.083333,1130,65599.701336291
1130,24.100000,1131,65599.718005541
1131,24.116667,1132,65599.734674708
1132,24.150000,1133,65599.768013083
1133,24.166667,1134,65599.784682291
1134,24.183333,1135,65599.801351500
1135,24.216667,1136,65599.834689833
1136,24.233333,1137,65599.851359125
1137,24.250000,1138,65599.868028291
1138,24.283333,1139,65599.901366750
1139,24.300000,1140,65599.918035833
1140,24.316667,1141,65599.934705041
1141,24.350000,1142,65599.968043541
1142,24.366667,1143,65599.984712541
1143,24.400000,1144,65600.018051000
1144,24.416667,1145,65600.034720291
1145,24.433333,1146,65600.051389541
1146,24.466667,1147,65600.084727750
1147,24.483333,1148,65600.101397041
1148,24.516667,1149,65600.134735375
1149,24.533333,1150,65600.151404583
1150,24.566667,1151,65600.184743000
1151,24.583333,1152,65600.201412250
1152,24.600000,1153,65600.218081333
1153,24.633333,1154,65600.251419833
1154,24.650000,1155,65600.268089041
1155,24.683333,1156,65600.301427333
1156,24.700000,1157,65600.318096583
1157,24.716667,1158,65600.334765833
1158,24.750000,1159,65600.368104083
1159,24.766667,1160,65600.384773333
1160,24.783333,1161,65600.401442583
1161,24.816667,1162,65600.434780791
1162,24.833333,1163,65600.451450125
1163,24.850000,1164,65600.468119333
1164,24.866667,1165,65600.484788500
1165,24.900000,1166,65600.518126875
1166,24.916667,1167,65600.534796125
1167,24.933333,1168,65600.551465333
1168,24.966667,1169,65600.584803583
1169,24.983333,1170,65600.601472791
1170,25.000000,1171,65600.618142041
1171,25.033333,1172,65600.651480541
1172,25.050000,1173,65600.668149625
1173,25.083333,1174,65600.701488041
1174,25.100000,1175,65600.718157250
1175,25.133333,1176,65600.751495541
1176,25.150000,1177,65600.768164791
1177,25.183333,1178,65600.801503000
1178,25.200000,1179,65600.818172333
1179,25.233333,1180,65600.851510833
1180,25.250000,1181,65600.868180000
1181,25.283333,1182,65600.901518333
1182,25.300000,1183,65600.918187583
1183,25.333333,1184,65600.951525875
1184,25.350000,1185,65600.968195083
1185,25.383333,1186,65601.001533541
1186,25.400000,1187,65601.018202666
1187,25.433333,1188,65601.051541083
1188,25.450000,1189,65601.068210291
1189,25.483333,1190,65601.101548541
1190,25.500000,1191,65601.118217750
1191,25.516667,1192,65601.134887000
1192,25.533333,1193,65601.151556208
1193,25.566667,1194,65601.184894541
1194,25.583333,1195,65601.201563791
1195,25.600000,1196,65601.218232916
1196,25.633333,1197,65601.251571291
1197,25.650000,1198,65601.268240541
1198,25.666667,1199,65601.284909750
1199,25.683333,1200,65601.301579000
1200,25.716667,1201,65601.334917291
1201,25.733333,1202,65601.351586500
1202,25.750000,1203,65601.368255708
1203,25.766667,1204,65601.384924958
1204,25.800000,1205,65601.418263208
1205,25.816667,1206,65601.434932500
1206,25.833333,1207,65601.451601666
1207,25.850000,1208,65601.468270916
1208,25.866667,1209,65601.484940000
1209,25.900000,1210,65601.518278416
1210,25.916667,1211,65601.534947708
1211,25.933333,1212,65601.551616750
1212,25.950000,1213,65601.568285916
1213,25.983333,1214,65601.601624458
1214,26.000000,1215,65601.618293708
1215,26.016667,1216,65601.634962708
1216,26.033333,1217,65601.651632000
1217,26.066667,1218,65601.684970416
1218,26.083333,1219,65601.701639500
1219,26.100000,1220,65601.718308666
1220,26.133333,1221,65601.751647083
1221,26.150000,1222,65601.768316375
1222,26.166667,1223,65601.784985416
1223,26.200000,1224,65601.818323875
1224,26.216667,1225,65601.834993083
1225,26.233333,1226,65601.851662125
1226,26.266667,1227,65601.885000666
1227,26.283333,1228,65601.901669833
1228,26.300000,1229,65601.918338916
1229,26.333333,1230,65601.951677333
1230,26.350000,1231,65601.968346541
1231,26.366667,1232,65601.985015791
1232,26.383333,1233,65602.001684875
1233,26.416667,1234,65602.035023375
1234,26.433333,1235,65602.051692583
1235,26.450000,1236,65602.068361750
1236,26.483333,1237,65602.101700041
1237,26.500000,1238,65602.118369291
1238,26.516667,1239,65602.135038458
1239,26.550000,1240,65602.168376833
1240,26.566667,1241,65602.185046041
1241,26.583333,1242,65602.201715291
1242,26.616667,1243,65602.235053500
1243,26.633333,1244,65602.251722750
1244,26.650000,1245,65602.268392000
1245,26.683333,1246,65602.301730208
1246,26.700000,1247,65602.318399500
1247,26.716667,1248,65602.335068666
1248,26.750000,1249,65602.368406958
1249,26.766667,1250,65602.385076250
1250,26.783333,1251,65602.401745500
1251,26.816667,1252,65602.435083916
1252,26.833333,1253,65602.451752958
1253,26.850000,1254,65602.468422166
1254,26.883333,1255,65602.501760625
1255,26.900000,1256,65602.518429625
1256,26.916667,1257,65602.535098875
1257,26.950000,1258,65602.568437375
1258,26.966667,1259,65602.585106541
1259,26.983333,1260,65602.601775666
1260,27.016667,1261,65602.635114125
1261,27.033333,1262,65602.651783333
1262,27.050000,1263,65602.668452375
1263,27.083333,1264,65602.701790750
1264,27.100000,1265,65602.718459958
1265,27.116667,1266,65602.735129250
1266,27.150000,1267,65602.768467500
1267,27.166667,1268,65602.785136750
1268,27.183333,1269,65602.801806000
1269,27.216667,1270,65602.835144291
1270,27.233333,1271,65602.851813500
1271,27.266667,1272,65602.885152000
1272,27.283333,1273,65602.901821000
1273,27.300000,1274,65602.918490250
1274,27.333333,1275,65602.951828583
1275,27.350000,1276,65602.968497708
1276,27.366667,1277,65602.985166958
1277,27.400000,1278,65603.018505375
1278,27.416667,1279,65603.035174666
1279,27.433333,1280,65603.051843708
1280,27.466667,1281,65603.085182125
1281,27.483333,1282,65603.101851333
1282,27.500000,1283,65603.118520458
1283,27.516667,1284,65603.135189666
1284,27.550000,1285,65603.168528041
1285,27.566667,1286,65603.185197250
1286,27.583333,1287,65603.201866375
1287,27.616667,1288,65603.235204791
1288,27.633333,1289,65603.251873958
1289,27.650000,1290,65603.268543083
1290,27.683333,1291,65603.301881541
1291,27.700000,1292,65603.318550750
1292,27.716667,1293,65603.335219791
1293,27.750000,1294,65603.368558250
1294,27.766667,1295,65603.385227500
1295,27.783333,1296,65603.401896625
1296,27.816667,1297,65603.435235000
1297,27.833333,1298,65603.451904208
1298,27.850000,1299,65603.468573375
1299,27.883333,1300,65603.501911666
1300,27.900000,1301,65603.518580916
1301,27.916667,1302,65603.535250083
1302,27.950000,1303,65603.568588375
1303,27.966667,1304,65603.585257583
1304,27.983333,1305,65603.601926791
1305,28.016667,1306,65603.635265041
1306,28.033333,1307,65603.651934375
1307,28.066667,1308,65603.685272750
1308,28.083333,1309,65603.701941958
1309,28.116667,1310,65603.735280250
1310,28.133333,1311,65603.751949500
1311,28.166667,1312,65603.785287750
1312,28.183333,1313,65603.801957041
1313,28.200000,1314,65603.818626125
1314,28.233333,1315,65603.851964666
1315,28.250000,1316,65603.868633708
1316,28.283333,1317,65603.901972166
1317,28.300000,1318,65603.918641375
1318,28.333333,1319,65603.951979666
1319,28.350000,1320,65603.968648833
1320,28.366667,1321,65603.985318083
1321,28.400000,1322,65604.018656291
1322,28.416667,1323,65604.035325583
1323,28.450000,1324,65604.068664000
1324,28.466667,1325,65604.085333041
1325,28.500000,1326,65604.118671541
1326,28.516667,1327,65604.135340708
1327,28.550000,1328,65604.168678916
1328,28.566667,1329,65604.185348166
1329,28.600000,1330,65604.218686583
1330,28.616667,1331,65604.235355708
1331,28.650000,1332,65604.268694125
1332,28.666667,1333,65604.285363333
1333,28.700000,1334,65604.318701625
1334,28.716667,1335,65604.335370833
1335,28.750000,1336,65604.368709208
1336,28.783333,1337,65604.402047500
1337,28.800000,1338,65604.418716791
1338,28.833333,1339,65604.452055125
1339,28.850000,1340,65604.468724250
1340,28.883333,1341,65604.502062666
1341,28.900000,1342,65604.518731875
1342,28.933333,1343,65604.552070166
1343,28.950000,1344,65604.568739416
1344,28.983333,1345,65604.602077750
1345,29.000000,1346,65604.618746875
1346,29.033333,1347,65604.652085291
1347,29.050000,1348,65604.668754541
1348,29.083333,1349,65604.702092750
1349,29.100000,1350,65604.718762000
1350,29.133333,1351,65604.752100166
1351,29.150000,1352,65604.768769458
1352,29.183333,1353,65604.802107875
1353,29.216667,1354,65604.835446125
1354,29.233333,1355,65604.852115416
1355,29.266667,1356,65604.885453750
1356,29.300000,1357,65604.918792125
1357,29.316667,1358,65604.935461291
1358,29.350000,1359,65604.968799750
1359,29.366667,1360,65604.985468791
1360,29.400000,1361,65605.018807250
1361,29.416667,1362,65605.035476416
1362,29.450000,1363,65605.068814750
1363,29.483333,1364,65605.102153166
1364,29.500000,1365,65605.118822375
1365,29.533333,1366,65605.152160666
1366,29.550000,1367,65605.168829791
1367,29.583333,1368,65605.202168083
1368,29.600000,1369,65605.218837291
1369,29.633333,1370,65605.252175708
1370,29.650000,1371,65605.268844916
1371,29.683333,1372,65605.302183250
1372,29.700000,1373,65605.318852416
1373,29.733333,1374,65605.352190666
1374,29.750000,1375,65605.368859916
1375,29.783333,1376,65605.402198291
1376,29.800000,1377,65605.418867541
1377,29.833333,1378,65605.452205875
1378,29.850000,1379,65605.468875000
1379,29.883333,1380,65605.502213291
1380,29.900000,1381,65605.518882458
1381,29.933333,1382,65605.552220916
1382,29.950000,1383,65605.568890166
1383,29.966667,1384,65605.585559166
1384,30.000000,1385,65605.618897583
1385,30.016667,1386,65605.635566833
1386,30.033333,1387,65605.652235875
1387,30.050000,1388,65605.668905083
1388,30.083333,1389,65605.702243541
1389,30.100000,1390,65605.718912791
1390,30.116667,1391,65605.735581791
1391,30.150000,1392,65605.768920208
1392,30.166667,1393,65605.785589416
1393,30.183333,1394,65605.802258458
1394,30.216667,1395,65605.835596916
1395,30.233333,1396,65605.852266083
1396,30.250000,1397,65605.868935291
1397,30.283333,1398,65605.902273583
1398,30.300000,1399,65605.918942833
1399,30.333333,1400,65605.952281041
1400,30.350000,1401,65605.968950250
1401,30.366667,1402,65605.985619500
1402,30.383333,1403,65606.002288666
1403,30.400000,1404,65606.018957916
1404,30.433333,1405,65606.052296208
1405,30.450000,1406,65606.068965375
1406,30.466667,1407,65606.085634625
1407,30.483333,1408,65606.102303666
1408,30.516667,1409,65606.135642041
1409,30.533333,1410,65606.152311333
1410,30.550000,1411,65606.168980291
1411,30.566667,1412,65606.185649500
1412,30.600000,1413,65606.218987958
1413,30.616667,1414,65606.235657166
1414,30.633333,1415,65606.252326166
1415,30.666667,1416,65606.285664583
1416,30.683333,1417,65606.302333833
1417,30.700000,1418,65606.319003083
1418,30.716667,1419,65606.335672125
1419,30.750000,1420,65606.369010541
1420,30.766667,1421,65606.385679750
1421,30.783333,1422,65606.402348791
1422,30.816667,1423,65606.435687250
1423,30.833333,1424,65606.452356333
1424,30.850000,1425,65606.469025500
1425,30.883333,1426,65606.502363958
1426,30.900000,1427,65606.519033083
1427,30.916667,1428,65606.535702291
1428,30.950000,1429,65606.569040541
1429,30.966667,1430,65606.585709750
1430,30.983333,1431,65606.602379000
1431,31.016667,1432,65606.635717250
1432,31.033333,1433,65606.652386458
1433,31.050000,1434,65606.669055708
1434,31.083333,1435,65606.702393916
1435,31.100000,1436,65606.719063166
1436,31.116667,1437,65606.735732375
1437,31.133333,1438,65606.752401625
1438,31.166667,1439,65606.785739875
1439,31.183333,1440,65606.802409083
1440,31.200000,1441,65606.819078291
1441,31.233333,1442,65606.852416500
1442,31.250000,1443,65606.869085750
1443,31.266667,1444,65606.885754916
1444,31.300000,1445,65606.919093250
1445,31.316667,1446,65606.935762375
1446,31.333333,1447,65606.952431625
1447,31.366667,1448,65606.985770083
1448,31.383333,1449,65607.002439083
1449,31.400000,1450,65607.019108208
1450,31.433333,1451,65607.052446666
1451,31.450000,1452,65607.069115750
1452,31.466667,1453,65607.085784916
1453,31.500000,1454,65607.119123291
1454,31.516667,1455,65607.135792666
1455,31.533333,1456,65607.152461625
1456,31.566667,1457,65607.185800041
1457,31.583333,1458,65607.202469291
1458,31.600000,1459,65607.219138291
1459,31.616667,1460,65607.235807541
1460,31.650000,1461,65607.269145958
1461,31.666667,1462,65607.285815125
1462,31.683333,1463,65607.302484208
1463,31.716667,1464,65607.335822583
1464,31.733333,1465,65607.352491750
1465,31.750000,1466,65607.369160916
1466,31.766667,1467,65607.385830083
1467,31.800000,1468,65607.419168458
1468,31.816667,1469,65607.435837708
1469,31.833333,1470,65607.452506791
1470,31.866667,1471,65607.485845166
1471,31.883333,1472,65607.502514375
1472,31.900000,1473,65607.519183458
1473,31.916667,1474,65607.535852666
1474,31.950000,1475,65607.569191000
1475,31.966667,1476,65607.585860083
1476,31.983333,1477,65607.602529291
1477,32.000000,1478,65607.619198458
1478,32.033333,1479,65607.652536916
1479,32.050000,1480,65607.669205958
1480,32.066667,1481,65607.685875166
1481,32.083333,1482,65607.702544375
1482,32.100000,1483,65607.719213541
1483,32.133333,1484,65607.752551875
1484,32.150000,1485,65607.769221000
1485,32.166667,1486,65607.785890250
1486,32.183333,1487,65607.802559458
1487,32.200000,1488,65607.819228458
1488,32.233333,1489,65607.852566875
1489,32.250000,1490,65607.869236083
1490,32.266667,1491,65607.885905083
1491,32.283333,1492,65607.902574291
1492,32.316667,1493,65607.935912708
1493,32.333333,1494,65607.952582000
1494,32.350000,1495,65607.969250958
1495,32.366667,1496,65607.985920208
1496,32.400000,1497,65608.019258666
1497,32.416667,1498,65608.035927708
1498,32.433333,1499,65608.052596916
1499,32.450000,1500,65608.069266125
1500,32.483333,1501,65608.102604541
1501,32.500000,1502,65608.119273500
1502,32.516667,1503,65608.135942750
1503,32.533333,1504,65608.152611833
1504,32.566667,1505,65608.185950166
1505,32.583333,1506,65608.202619375
1506,32.600000,1507,65608.219288583
1507,32.616667,1508,65608.235957791
1508,32.650000,1509,65608.269296083
1509,32.666667,1510,65608.285965291
1510,32.683333,1511,65608.302634500
1511,32.700000,1512,65608.319303708
1512,32.733333,1513,65608.352641916
1513,32.750000,1514,65608.369311166
1514,32.766667,1515,65608.385980333
1515,32.783333,1516,65608.402649500
1516,32.816667,1517,65608.435987833
1517,32.833333,1518,65608.452657041
1518,32.850000,1519,65608.469326208
1519,32.883333,1520,65608.502664458
1520,32.900000,1521,65608.519333708
1521,32.916667,1522,65608.536002875
1522,32.950000,1523,65608.569341083
1523,32.966667,1524,65608.586010291
1524,33.000000,1525,65608.619348708
1525,33.016667,1526,65608.636017791
1526,33.033333,1527,65608.652687000
1527,33.066667,1528,65608.686025416
1528,33.083333,1529,65608.702694583
1529,33.100000,1530,65608.719363666
1530,33.133333,1531,65608.752702041
1531,33.150000,1532,65608.769371208
1532,33.166667,1533,65608.786040250
1533,33.200000,1534,65608.819378750
1534,33.216667,1535,65608.836047916
1535,33.233333,1536,65608.852717125
1536,33.250000,1537,65608.869386166
1537,33.283333,1538,65608.902724541
1538,33.300000,1539,65608.919393750
1539,33.316667,1540,65608.936062750
1540,33.350000,1541,65608.969401166
1541,33.366667,1542,65608.986070375
1542,33.383333,1543,65609.002739375
1543,33.416667,1544,65609.036077833
1544,33.433333,1545,65609.052747083
1545,33.466667,1546,65609.086085208
1546,33.483333,1547,65609.102754500
1547,33.500000,1548,65609.119423666
1548,33.533333,1549,65609.152762083
1549,33.550000,1550,65609.169431125
1550,33.583333,1551,65609.202769541
1551,33.600000,1552,65609.219438750
1552,33.616667,1553,65609.236107791
1553,33.650000,1554,65609.269446208
1554,33.666667,1555,65609.286115375
1555,33.700000,1556,65609.319453583
1556,33.716667,1557,65609.336122875
1557,33.733333,1558,65609.352792083
1558,33.766667,1559,65609.386130291
1559,33.783333,1560,65609.402799500
1560,33.816667,1561,65609.436137833
1561,33.833333,1562,65609.452806958
1562,33.866667,1563,65609.486145416
1563,33.883333,1564,65609.502814500
1564,33.900000,1565,65609.519483750
1565,33.933333,1566,65609.552822000
1566,33.950000,1567,65609.569491208
1567,33.983333,1568,65609.602829458
1568,34.000000,1569,65609.619498625
1569,34.033333,1570,65609.652837000
1570,34.050000,1571,65609.669506250
1571,34.083333,1572,65609.702844458
1572,34.100000,1573,65609.719513708
1573,34.116667,1574,65609.736182916
1574,34.150000,1575,65609.769521083
1575,34.166667,1576,65609.786190333
1576,34.200000,1577,65609.819528708
1577,34.216667,1578,65609.836197708
1578,34.233333,1579,65609.852866958
1579,34.266667,1580,65609.886205375
1580,34.283333,1581,65609.902874416
1581,34.316667,1582,65609.936212791
1582,34.333333,1583,65609.952882000
1583,34.350000,1584,65609.969551125
1584,34.383333,1585,65610.002889375
1585,34.400000,1586,65610.019558666
1586,34.416667,1587,65610.036227833
1587,34.450000,1588,65610.069566041
1588,34.466667,1589,65610.086235250
1589,34.483333,1590,65610.102904500
1590,34.500000,1591,65610.119573708
1591,34.533333,1592,65610.152911916
1592,34.550000,1593,65610.169581125
1593,34.566667,1594,65610.186250291
1594,34.583333,1595,65610.202919375
1595,34.616667,1596,65610.236257666
1596,34.633333,1597,65610.252927000
1597,34.650000,1598,65610.269596125
1598,34.666667,1599,65610.286265208
1599,34.700000,1600,65610.319603625
1600,34.716667,1601,65610.336272791
1601,34.733333,1602,65610.352941750
1602,34.750000,1603,65610.369611000
1603,34.783333,1604,65610.402949416
1604,34.800000,1605,65610.419618416
1605,34.816667,1606,65610.436287625
1606,34.833333,1607,65610.452956833
1607,34.850000,1608,65610.469626000
1608,34.883333,1609,65610.502964291
1609,34.900000,1610,65610.519633458
1610,34.916667,1611,65610.536302666
1611,34.933333,1612,65610.552971875
1612,34.966667,1613,65610.586310125
1613,34.983333,1614,65610.602979250
1614,35.000000,1615,65610.619648500
1615,35.033333,1616,65610.652986708
1616,35.050000,1617,65610.669655875
1617,35.066667,1618,65610.686325083
1618,35.100000,1619,65610.719663291
1619,35.116667,1620,65610.736332458
1620,35.133333,1621,65610.753001750
1621,35.166667,1622,65610.786340166
1622,35.183333,1623,65610.803009208
1623,35.200000,1624,65610.819678416
1624,35.216667,1625,65610.836347583
1625,35.233333,1626,65610.853016708
1626,35.250000,1627,65610.869685833
1627,35.266667,1628,65610.886354958
1628,35.283333,1629,65610.903024208
1629,35.300000,1630,65610.919693416
1630,35.333333,1631,65610.953031583
1631,35.350000,1632,65610.969700833
1632,35.366667,1633,65610.986370041
1633,35.383333,1634,65611.003039250
1634,35.416667,1635,65611.036377458
1635,35.433333,1636,65611.053046666
1636,35.450000,1637,65611.069715875
1637,35.483333,1638,65611.103054125
1638,35.500000,1639,65611.119723250
1639,35.516667,1640,65611.136392500
1640,35.533333,1641,65611.153061625
1641,35.566667,1642,65611.186399875
1642,35.583333,1643,65611.203069083
1643,35.600000,1644,65611.219738333
1644,35.616667,1645,65611.236407458
1645,35.633333,1646,65611.253076458
1646,35.666667,1647,65611.286414916
1647,35.683333,1648,65611.303084125
1648,35.700000,1649,65611.319753166
1649,35.716667,1650,65611.336422333
1650,35.733333,1651,65611.353091500
1651,35.750000,1652,65611.369760791
1652,35.783333,1653,65611.403099000
1653,35.800000,1654,65611.419768166
1654,35.816667,1655,65611.436437375
1655,35.833333,1656,65611.453106541
1656,35.850000,1657,65611.469775583
1657,35.883333,1658,65611.503114000
1658,35.900000,1659,65611.519783125
1659,35.916667,1660,65611.536452375
1660,35.933333,1661,65611.553121375
1661,35.966667,1662,65611.586459791
1662,35.983333,1663,65611.603128958
1663,36.000000,1664,65611.619797958
1664,36.033333,1665,65611.653136416
1665,36.050000,1666,65611.669805625
1666,36.066667,1667,65611.686474791
1667,36.100000,1668,65611.719813041
1668,36.116667,1669,65611.736482166
1669,36.133333,1670,65611.753151416
1670,36.166667,1671,65611.786489625
1671,36.183333,1672,65611.803158833
1672,36.216667,1673,65611.836497083
1673,36.233333,1674,65611.853166208
1674,36.250000,1675,65611.869835416
1675,36.283333,1676,65611.903173833
1676,36.300000,1677,65611.919842875
1677,36.316667,1678,65611.936512125
1678,36.350000,1679,65611.969850375
1679,36.366667,1680,65611.986519666
1680,36.383333,1681,65612.003188708
1681,36.416667,1682,65612.036527083
1682,36.433333,1683,65612.053196291
1683,36.466667,1684,65612.086534541
1684,36.483333,1685,65612.103203708
1685,36.500000,1686,65612.119872833
1686,36.533333,1687,65612.153211041
1687,36.550000,1688,65612.169880333
1688,36.583333,1689,65612.203218625
1689,36.600000,1690,65612.219887666
1690,36.633333,1691,65612.253226083
1691,36.650000,1692,65612.269895291
1692,36.666667,1693,65612.286564333
1693,36.700000,1694,65612.319902750
1694,36.716667,1695,65612.336571875
1695,36.750000,1696,65612.369910083
1696,36.766667,1697,65612.386579291
1697,36.783333,1698,65612.403248500
1698,36.816667,1699,65612.436586708
1699,36.833333,1700,65612.453255916
1700,36.850000,1701,65612.469925083
1701,36.883333,1702,65612.503263500
1702,36.900000,1703,65612.519932583
1703,36.933333,1704,65612.553270958
1704,36.950000,1705,65612.569940125
1705,36.966667,1706,65612.586609166
1706,37.000000,1707,65612.619947583
1707,37.016667,1708,65612.636616750
1708,37.033333,1709,65612.653285958
1709,37.066667,1710,65612.686624041
1710,37.083333,1711,65612.703293375
1711,37.116667,1712,65612.736631416
1712,37.133333,1713,65612.753300750
1713,37.150000,1714,65612.769969958
